/*
SQLyog Ultimate v8.53 
MySQL - 5.7.17 : Database - stidb
*********************************************************************
*/

/*!40101 SET NAMES utf8 */;

/*!40101 SET SQL_MODE=''*/;

/*!40014 SET @OLD_UNIQUE_CHECKS=@@UNIQUE_CHECKS, UNIQUE_CHECKS=0 */;
/*!40014 SET @OLD_FOREIGN_KEY_CHECKS=@@FOREIGN_KEY_CHECKS, FOREIGN_KEY_CHECKS=0 */;
/*!40101 SET @OLD_SQL_MODE=@@SQL_MODE, SQL_MODE='NO_AUTO_VALUE_ON_ZERO' */;
/*!40111 SET @OLD_SQL_NOTES=@@SQL_NOTES, SQL_NOTES=0 */;
CREATE DATABASE /*!32312 IF NOT EXISTS*/`stidb` /*!40100 DEFAULT CHARACTER SET utf8 */;

USE `stidb`;

/*Table structure for table `cart_item_table` */

DROP TABLE IF EXISTS `cart_item_table`;

CREATE TABLE `cart_item_table` (
  `cartitemsid` int(6) NOT NULL AUTO_INCREMENT,
  `orderid` int(6) DEFAULT NULL,
  `menuitemid` int(6) DEFAULT NULL,
  `quantity` int(6) DEFAULT NULL,
  `price` int(6) DEFAULT NULL,
  `specialinstruction` text,
  PRIMARY KEY (`cartitemsid`),
  KEY `FK_cart_item_table1` (`menuitemid`),
  KEY `FK_cart_item_table2` (`orderid`),
  CONSTRAINT `FK_cart_item_table1` FOREIGN KEY (`menuitemid`) REFERENCES `menu_item_table` (`menuitemid`) ON DELETE CASCADE ON UPDATE CASCADE,
  CONSTRAINT `FK_cart_item_tabletoordertable` FOREIGN KEY (`orderid`) REFERENCES `order_table` (`orderid`) ON DELETE SET NULL
) ENGINE=InnoDB AUTO_INCREMENT=17 DEFAULT CHARSET=utf8;

/*Data for the table `cart_item_table` */

insert  into `cart_item_table`(`cartitemsid`,`orderid`,`menuitemid`,`quantity`,`price`,`specialinstruction`) values (1,47,20,1,55,''),(2,48,4,1,75,''),(3,49,16,1,50,''),(4,50,4,1,75,''),(5,51,4,1,75,''),(6,52,12,1,17,''),(7,53,4,5,75,''),(8,54,97,12,55,''),(9,55,6,1,20,''),(10,56,6,1,20,''),(11,57,12,1,17,''),(12,58,4,1,75,''),(13,59,9,1,48,''),(14,60,4,1,75,''),(15,61,98,5,80,''),(16,62,146,20,45,'');

/*Table structure for table `cart_table` */

DROP TABLE IF EXISTS `cart_table`;

CREATE TABLE `cart_table` (
  `cartid` int(6) NOT NULL AUTO_INCREMENT,
  `orderid` int(6) DEFAULT NULL,
  PRIMARY KEY (`cartid`),
  KEY `FK_cart_table` (`orderid`),
  CONSTRAINT `FK_cart_table` FOREIGN KEY (`orderid`) REFERENCES `order_table` (`orderid`) ON DELETE CASCADE ON UPDATE CASCADE
) ENGINE=InnoDB AUTO_INCREMENT=17 DEFAULT CHARSET=utf8;

/*Data for the table `cart_table` */

insert  into `cart_table`(`cartid`,`orderid`) values (6,7),(7,8),(9,10),(10,11),(11,12),(12,13),(13,14),(14,15),(15,16),(16,17);

/*Table structure for table `customer_table` */

DROP TABLE IF EXISTS `customer_table`;

CREATE TABLE `customer_table` (
  `customerid` int(6) NOT NULL AUTO_INCREMENT,
  `firstname` varchar(60) DEFAULT NULL,
  `middlename` varchar(60) DEFAULT NULL,
  `lastname` varchar(60) DEFAULT NULL,
  `gender` varchar(60) DEFAULT NULL,
  `birthdate` date DEFAULT NULL,
  `address` varchar(200) DEFAULT NULL,
  `emailaddress` varchar(60) DEFAULT NULL,
  `contactnumber` varchar(60) DEFAULT NULL,
  `username` varchar(60) DEFAULT NULL,
  `password` varchar(60) DEFAULT NULL,
  `isactivated` tinyint(1) DEFAULT NULL,
  `isdeleted` tinyint(1) DEFAULT '0',
  PRIMARY KEY (`customerid`)
) ENGINE=InnoDB AUTO_INCREMENT=8 DEFAULT CHARSET=utf8;

/*Data for the table `customer_table` */

insert  into `customer_table`(`customerid`,`firstname`,`middlename`,`lastname`,`gender`,`birthdate`,`address`,`emailaddress`,`contactnumber`,`username`,`password`,`isactivated`,`isdeleted`) values (2,'Asher','Raimundo','Lacsina','Male','1997-06-23','asdkljalks','lacsina23@gmail.com','09354785244','cus1','246d72427d74f7e904599f41f353b4d9',1,0),(3,'Gian','Elias','Luso','Male','1997-12-11','uwwww','testing@yahoo.com','09754148755','u','7b774effe4a349c6dd82ad4f4f21d34c',1,1),(5,'Dennis','Ilaban','Ventura','Male','1997-03-12','qqqqqq','dennisv@yahoo.com','09168053669','sss','77963b7a931377ad4ab5ad6a9cd718aa',1,0),(6,'Nash','Alovarez','Mendoza','Male','1957-08-24','purok sampaguita davao','nash@yahoo.com','09754252333','cus2','246d72427d74f7e904599f41f353b4d9',0,0),(7,'jobert','lipura','Baltazar','Male','2017-08-25','saranay','dellavajobert@gmail.com','09262196335','raijin','827ccb0eea8a706c4c34a16891f84e7b',0,0);

/*Table structure for table `goodies_inventory_table` */

DROP TABLE IF EXISTS `goodies_inventory_table`;

CREATE TABLE `goodies_inventory_table` (
  `inventoryid` int(6) NOT NULL AUTO_INCREMENT,
  `menuitemid` int(6) DEFAULT NULL,
  `beg` int(6) DEFAULT NULL,
  `del` int(6) DEFAULT NULL,
  `end` int(6) DEFAULT NULL,
  `date` date DEFAULT NULL,
  PRIMARY KEY (`inventoryid`),
  KEY `FK_goodies_inventory_table` (`menuitemid`),
  CONSTRAINT `FK_goodies_inventory_table` FOREIGN KEY (`menuitemid`) REFERENCES `menu_item_table` (`menuitemid`)
) ENGINE=InnoDB AUTO_INCREMENT=2264 DEFAULT CHARSET=utf8;

/*Data for the table `goodies_inventory_table` */

insert  into `goodies_inventory_table`(`inventoryid`,`menuitemid`,`beg`,`del`,`end`,`date`) values (658,96,89,0,89,'2017-09-16'),(659,97,72,0,72,'2017-09-16'),(660,98,100,0,100,'2017-09-16'),(661,99,89,0,89,'2017-09-16'),(662,100,100,0,100,'2017-09-16'),(663,101,100,0,100,'2017-09-16'),(664,102,100,0,100,'2017-09-16'),(665,103,100,0,100,'2017-09-16'),(666,104,100,0,100,'2017-09-16'),(667,105,100,0,100,'2017-09-16'),(668,106,100,0,100,'2017-09-16'),(669,107,100,0,100,'2017-09-16'),(670,108,100,0,100,'2017-09-16'),(671,109,100,0,100,'2017-09-16'),(672,110,100,0,100,'2017-09-16'),(673,111,100,0,100,'2017-09-16'),(674,112,100,0,100,'2017-09-16'),(675,113,100,0,100,'2017-09-16'),(676,114,100,0,100,'2017-09-16'),(677,115,100,0,100,'2017-09-16'),(678,116,100,0,100,'2017-09-16'),(679,117,100,0,100,'2017-09-16'),(680,118,100,0,100,'2017-09-16'),(681,119,100,0,100,'2017-09-16'),(682,120,100,0,100,'2017-09-16'),(683,121,100,0,100,'2017-09-16'),(684,122,100,0,100,'2017-09-16'),(685,123,100,0,100,'2017-09-16'),(686,124,100,0,100,'2017-09-16'),(687,125,100,0,100,'2017-09-16'),(688,126,100,0,100,'2017-09-16'),(689,127,100,0,100,'2017-09-16'),(690,128,100,0,100,'2017-09-16'),(691,129,100,0,100,'2017-09-16'),(692,130,100,0,100,'2017-09-16'),(693,131,100,0,100,'2017-09-16'),(694,132,100,0,100,'2017-09-16'),(695,133,100,0,100,'2017-09-16'),(696,134,100,0,100,'2017-09-16'),(697,135,100,0,100,'2017-09-16'),(698,136,100,0,100,'2017-09-16'),(699,137,100,0,100,'2017-09-16'),(700,138,100,0,100,'2017-09-16'),(701,139,100,0,100,'2017-09-16'),(702,140,100,0,100,'2017-09-16'),(703,141,110,0,110,'2017-09-16'),(704,142,100,0,100,'2017-09-16'),(705,143,100,0,100,'2017-09-16'),(706,144,100,0,100,'2017-09-16'),(707,145,100,0,100,'2017-09-16'),(708,146,121,0,121,'2017-09-16'),(709,147,100,0,100,'2017-09-16'),(710,148,100,0,100,'2017-09-16'),(711,149,100,0,100,'2017-09-16'),(712,150,100,0,100,'2017-09-16'),(713,151,100,0,100,'2017-09-16'),(714,152,100,0,100,'2017-09-16'),(715,153,100,0,100,'2017-09-16'),(716,154,100,0,100,'2017-09-16'),(717,155,100,0,100,'2017-09-16'),(718,156,100,0,100,'2017-09-16'),(719,157,100,0,100,'2017-09-16'),(720,158,100,0,100,'2017-09-16'),(721,159,100,0,100,'2017-09-16'),(722,160,100,0,100,'2017-09-16'),(723,161,100,0,100,'2017-09-16'),(724,162,100,0,100,'2017-09-16'),(725,163,100,0,100,'2017-09-16'),(726,164,100,0,100,'2017-09-16'),(727,165,100,0,100,'2017-09-16'),(728,166,100,0,100,'2017-09-16'),(729,167,100,0,100,'2017-09-16'),(730,168,100,0,100,'2017-09-16'),(877,96,89,0,89,'2017-09-17'),(878,97,72,0,72,'2017-09-17'),(879,98,100,0,100,'2017-09-17'),(880,99,89,0,89,'2017-09-17'),(881,100,100,0,100,'2017-09-17'),(882,101,100,0,100,'2017-09-17'),(883,102,100,0,100,'2017-09-17'),(884,103,100,0,100,'2017-09-17'),(885,104,100,0,100,'2017-09-17'),(886,105,100,0,100,'2017-09-17'),(887,106,100,0,100,'2017-09-17'),(888,107,100,0,100,'2017-09-17'),(889,108,100,0,100,'2017-09-17'),(890,109,100,0,100,'2017-09-17'),(891,110,100,0,100,'2017-09-17'),(892,111,100,0,100,'2017-09-17'),(893,112,100,0,100,'2017-09-17'),(894,113,100,0,100,'2017-09-17'),(895,114,100,0,100,'2017-09-17'),(896,115,100,0,100,'2017-09-17'),(897,116,100,0,100,'2017-09-17'),(898,117,100,0,100,'2017-09-17'),(899,118,100,0,100,'2017-09-17'),(900,119,100,0,100,'2017-09-17'),(901,120,100,0,100,'2017-09-17'),(902,121,100,0,100,'2017-09-17'),(903,122,100,0,100,'2017-09-17'),(904,123,100,0,100,'2017-09-17'),(905,124,100,0,100,'2017-09-17'),(906,125,100,0,100,'2017-09-17'),(907,126,100,0,100,'2017-09-17'),(908,127,100,0,100,'2017-09-17'),(909,128,100,0,100,'2017-09-17'),(910,129,100,0,100,'2017-09-17'),(911,130,100,0,100,'2017-09-17'),(912,131,100,0,100,'2017-09-17'),(913,132,100,0,100,'2017-09-17'),(914,133,100,0,100,'2017-09-17'),(915,134,100,0,100,'2017-09-17'),(916,135,100,0,100,'2017-09-17'),(917,136,100,0,100,'2017-09-17'),(918,137,100,0,100,'2017-09-17'),(919,138,100,0,100,'2017-09-17'),(920,139,100,0,100,'2017-09-17'),(921,140,100,0,100,'2017-09-17'),(922,141,110,0,110,'2017-09-17'),(923,142,100,0,100,'2017-09-17'),(924,143,100,0,100,'2017-09-17'),(925,144,100,0,100,'2017-09-17'),(926,145,100,0,100,'2017-09-17'),(927,146,121,0,121,'2017-09-17'),(928,147,100,0,100,'2017-09-17'),(929,148,100,0,100,'2017-09-17'),(930,149,100,0,100,'2017-09-17'),(931,150,100,0,100,'2017-09-17'),(932,151,100,0,100,'2017-09-17'),(933,152,100,0,100,'2017-09-17'),(934,153,100,0,100,'2017-09-17'),(935,154,100,0,100,'2017-09-17'),(936,155,100,0,100,'2017-09-17'),(937,156,100,0,100,'2017-09-17'),(938,157,100,0,100,'2017-09-17'),(939,158,100,0,100,'2017-09-17'),(940,159,100,0,100,'2017-09-17'),(941,160,100,0,100,'2017-09-17'),(942,161,100,0,100,'2017-09-17'),(943,162,100,0,100,'2017-09-17'),(944,163,100,0,100,'2017-09-17'),(945,164,100,0,100,'2017-09-17'),(946,165,100,0,100,'2017-09-17'),(947,166,100,0,100,'2017-09-17'),(948,167,100,0,100,'2017-09-17'),(949,168,100,0,100,'2017-09-17'),(1023,96,89,0,89,'2017-09-18'),(1024,97,72,0,72,'2017-09-18'),(1025,98,100,0,100,'2017-09-18'),(1026,99,89,0,89,'2017-09-18'),(1027,100,100,0,100,'2017-09-18'),(1028,101,100,0,100,'2017-09-18'),(1029,102,100,0,100,'2017-09-18'),(1030,103,100,0,100,'2017-09-18'),(1031,104,100,0,100,'2017-09-18'),(1032,105,100,0,100,'2017-09-18'),(1033,106,100,0,100,'2017-09-18'),(1034,107,100,0,100,'2017-09-18'),(1035,108,100,0,100,'2017-09-18'),(1036,109,100,0,100,'2017-09-18'),(1037,110,100,0,100,'2017-09-18'),(1038,111,100,0,100,'2017-09-18'),(1039,112,100,0,100,'2017-09-18'),(1040,113,100,0,100,'2017-09-18'),(1041,114,100,0,100,'2017-09-18'),(1042,115,100,0,100,'2017-09-18'),(1043,116,100,0,100,'2017-09-18'),(1044,117,100,0,100,'2017-09-18'),(1045,118,100,0,100,'2017-09-18'),(1046,119,100,0,100,'2017-09-18'),(1047,120,100,0,100,'2017-09-18'),(1048,121,100,0,100,'2017-09-18'),(1049,122,100,0,100,'2017-09-18'),(1050,123,100,0,100,'2017-09-18'),(1051,124,100,0,100,'2017-09-18'),(1052,125,100,0,100,'2017-09-18'),(1053,126,100,0,100,'2017-09-18'),(1054,127,100,0,100,'2017-09-18'),(1055,128,100,0,100,'2017-09-18'),(1056,129,100,0,100,'2017-09-18'),(1057,130,100,0,100,'2017-09-18'),(1058,131,100,0,100,'2017-09-18'),(1059,132,100,0,100,'2017-09-18'),(1060,133,100,0,100,'2017-09-18'),(1061,134,100,0,100,'2017-09-18'),(1062,135,100,0,100,'2017-09-18'),(1063,136,100,0,100,'2017-09-18'),(1064,137,100,0,100,'2017-09-18'),(1065,138,100,0,100,'2017-09-18'),(1066,139,100,0,100,'2017-09-18'),(1067,140,100,0,100,'2017-09-18'),(1068,141,110,0,110,'2017-09-18'),(1069,142,100,0,100,'2017-09-18'),(1070,143,100,0,100,'2017-09-18'),(1071,144,100,0,100,'2017-09-18'),(1072,145,100,0,100,'2017-09-18'),(1073,146,121,0,121,'2017-09-18'),(1074,147,100,0,100,'2017-09-18'),(1075,148,100,0,100,'2017-09-18'),(1076,149,100,0,100,'2017-09-18'),(1077,150,100,0,100,'2017-09-18'),(1078,151,100,0,100,'2017-09-18'),(1079,152,100,0,100,'2017-09-18'),(1080,153,100,0,100,'2017-09-18'),(1081,154,100,0,100,'2017-09-18'),(1082,155,100,0,100,'2017-09-18'),(1083,156,100,0,100,'2017-09-18'),(1084,157,100,0,100,'2017-09-18'),(1085,158,100,0,100,'2017-09-18'),(1086,159,100,0,100,'2017-09-18'),(1087,160,100,0,100,'2017-09-18'),(1088,161,100,0,100,'2017-09-18'),(1089,162,100,0,100,'2017-09-18'),(1090,163,100,0,100,'2017-09-18'),(1091,164,100,0,100,'2017-09-18'),(1092,165,100,0,100,'2017-09-18'),(1093,166,100,0,100,'2017-09-18'),(1094,167,100,0,100,'2017-09-18'),(1095,168,100,0,100,'2017-09-18'),(1096,96,89,0,89,'2017-09-19'),(1097,97,72,0,72,'2017-09-19'),(1098,98,100,0,100,'2017-09-19'),(1099,99,89,0,89,'2017-09-19'),(1100,100,100,0,100,'2017-09-19'),(1101,101,100,0,100,'2017-09-19'),(1102,102,100,0,100,'2017-09-19'),(1103,103,100,0,100,'2017-09-19'),(1104,104,100,0,100,'2017-09-19'),(1105,105,100,0,100,'2017-09-19'),(1106,106,100,0,100,'2017-09-19'),(1107,107,100,0,100,'2017-09-19'),(1108,108,100,0,100,'2017-09-19'),(1109,109,100,0,100,'2017-09-19'),(1110,110,100,0,100,'2017-09-19'),(1111,111,100,0,100,'2017-09-19'),(1112,112,100,0,100,'2017-09-19'),(1113,113,100,0,100,'2017-09-19'),(1114,114,100,0,100,'2017-09-19'),(1115,115,100,0,100,'2017-09-19'),(1116,116,100,0,100,'2017-09-19'),(1117,117,100,0,100,'2017-09-19'),(1118,118,100,0,100,'2017-09-19'),(1119,119,100,0,100,'2017-09-19'),(1120,120,100,0,100,'2017-09-19'),(1121,121,100,0,100,'2017-09-19'),(1122,122,100,0,100,'2017-09-19'),(1123,123,100,0,100,'2017-09-19'),(1124,124,100,0,100,'2017-09-19'),(1125,125,100,0,100,'2017-09-19'),(1126,126,100,0,100,'2017-09-19'),(1127,127,100,0,100,'2017-09-19'),(1128,128,100,0,100,'2017-09-19'),(1129,129,100,0,100,'2017-09-19'),(1130,130,100,0,100,'2017-09-19'),(1131,131,100,0,100,'2017-09-19'),(1132,132,100,0,100,'2017-09-19'),(1133,133,100,0,100,'2017-09-19'),(1134,134,100,0,100,'2017-09-19'),(1135,135,100,0,100,'2017-09-19'),(1136,136,100,0,100,'2017-09-19'),(1137,137,100,0,100,'2017-09-19'),(1138,138,100,0,100,'2017-09-19'),(1139,139,100,0,100,'2017-09-19'),(1140,140,100,0,100,'2017-09-19'),(1141,141,110,0,110,'2017-09-19'),(1142,142,100,0,100,'2017-09-19'),(1143,143,100,0,100,'2017-09-19'),(1144,144,100,0,100,'2017-09-19'),(1145,145,100,0,100,'2017-09-19'),(1146,146,121,0,121,'2017-09-19'),(1147,147,100,0,100,'2017-09-19'),(1148,148,100,0,100,'2017-09-19'),(1149,149,100,0,100,'2017-09-19'),(1150,150,100,0,100,'2017-09-19'),(1151,151,100,0,100,'2017-09-19'),(1152,152,100,0,100,'2017-09-19'),(1153,153,100,0,100,'2017-09-19'),(1154,154,100,0,100,'2017-09-19'),(1155,155,100,0,100,'2017-09-19'),(1156,156,100,0,100,'2017-09-19'),(1157,157,100,0,100,'2017-09-19'),(1158,158,100,0,100,'2017-09-19'),(1159,159,100,0,100,'2017-09-19'),(1160,160,100,0,100,'2017-09-19'),(1161,161,100,0,100,'2017-09-19'),(1162,162,100,0,100,'2017-09-19'),(1163,163,100,0,100,'2017-09-19'),(1164,164,100,0,100,'2017-09-19'),(1165,165,100,0,100,'2017-09-19'),(1166,166,100,0,100,'2017-09-19'),(1167,167,100,0,100,'2017-09-19'),(1168,168,100,0,100,'2017-09-19'),(1242,96,89,0,89,'2017-09-20'),(1243,97,72,0,72,'2017-09-20'),(1244,98,100,0,100,'2017-09-20'),(1245,99,89,0,89,'2017-09-20'),(1246,100,100,0,100,'2017-09-20'),(1247,101,100,0,100,'2017-09-20'),(1248,102,100,0,100,'2017-09-20'),(1249,103,100,0,100,'2017-09-20'),(1250,104,100,0,100,'2017-09-20'),(1251,105,100,0,100,'2017-09-20'),(1252,106,100,0,100,'2017-09-20'),(1253,107,100,0,100,'2017-09-20'),(1254,108,100,0,100,'2017-09-20'),(1255,109,100,0,100,'2017-09-20'),(1256,110,100,0,100,'2017-09-20'),(1257,111,100,0,100,'2017-09-20'),(1258,112,100,0,100,'2017-09-20'),(1259,113,100,0,100,'2017-09-20'),(1260,114,100,0,100,'2017-09-20'),(1261,115,100,0,100,'2017-09-20'),(1262,116,100,0,100,'2017-09-20'),(1263,117,100,0,100,'2017-09-20'),(1264,118,100,0,100,'2017-09-20'),(1265,119,100,0,100,'2017-09-20'),(1266,120,100,0,100,'2017-09-20'),(1267,121,100,0,100,'2017-09-20'),(1268,122,100,0,100,'2017-09-20'),(1269,123,100,0,100,'2017-09-20'),(1270,124,100,0,100,'2017-09-20'),(1271,125,100,0,100,'2017-09-20'),(1272,126,100,0,100,'2017-09-20'),(1273,127,100,0,100,'2017-09-20'),(1274,128,100,0,100,'2017-09-20'),(1275,129,100,0,100,'2017-09-20'),(1276,130,100,0,100,'2017-09-20'),(1277,131,100,0,100,'2017-09-20'),(1278,132,100,0,100,'2017-09-20'),(1279,133,100,0,100,'2017-09-20'),(1280,134,100,0,100,'2017-09-20'),(1281,135,100,0,100,'2017-09-20'),(1282,136,100,0,100,'2017-09-20'),(1283,137,100,0,100,'2017-09-20'),(1284,138,100,0,100,'2017-09-20'),(1285,139,100,0,100,'2017-09-20'),(1286,140,100,0,100,'2017-09-20'),(1287,141,110,0,110,'2017-09-20'),(1288,142,100,0,100,'2017-09-20'),(1289,143,100,0,100,'2017-09-20'),(1290,144,100,0,100,'2017-09-20'),(1291,145,100,0,100,'2017-09-20'),(1292,146,121,0,121,'2017-09-20'),(1293,147,100,0,100,'2017-09-20'),(1294,148,100,0,100,'2017-09-20'),(1295,149,100,0,100,'2017-09-20'),(1296,150,100,0,100,'2017-09-20'),(1297,151,100,0,100,'2017-09-20'),(1298,152,100,0,100,'2017-09-20'),(1299,153,100,0,100,'2017-09-20'),(1300,154,100,0,100,'2017-09-20'),(1301,155,100,0,100,'2017-09-20'),(1302,156,100,0,100,'2017-09-20'),(1303,157,100,0,100,'2017-09-20'),(1304,158,100,0,100,'2017-09-20'),(1305,159,100,0,100,'2017-09-20'),(1306,160,100,0,100,'2017-09-20'),(1307,161,100,0,100,'2017-09-20'),(1308,162,100,0,100,'2017-09-20'),(1309,163,100,0,100,'2017-09-20'),(1310,164,100,0,100,'2017-09-20'),(1311,165,100,0,100,'2017-09-20'),(1312,166,100,0,100,'2017-09-20'),(1313,167,100,0,100,'2017-09-20'),(1314,168,100,0,100,'2017-09-20'),(1315,96,89,0,89,'2017-09-21'),(1316,97,72,0,72,'2017-09-21'),(1317,98,100,0,100,'2017-09-21'),(1318,99,89,0,89,'2017-09-21'),(1319,100,100,0,100,'2017-09-21'),(1320,101,100,0,100,'2017-09-21'),(1321,102,100,0,100,'2017-09-21'),(1322,103,100,0,100,'2017-09-21'),(1323,104,100,0,100,'2017-09-21'),(1324,105,100,0,100,'2017-09-21'),(1325,106,100,0,100,'2017-09-21'),(1326,107,100,0,100,'2017-09-21'),(1327,108,100,0,100,'2017-09-21'),(1328,109,100,0,100,'2017-09-21'),(1329,110,100,0,100,'2017-09-21'),(1330,111,100,0,100,'2017-09-21'),(1331,112,100,0,100,'2017-09-21'),(1332,113,100,0,100,'2017-09-21'),(1333,114,100,0,100,'2017-09-21'),(1334,115,100,0,100,'2017-09-21'),(1335,116,100,0,100,'2017-09-21'),(1336,117,100,0,100,'2017-09-21'),(1337,118,100,0,100,'2017-09-21'),(1338,119,100,0,100,'2017-09-21'),(1339,120,100,0,100,'2017-09-21'),(1340,121,100,0,100,'2017-09-21'),(1341,122,100,0,100,'2017-09-21'),(1342,123,100,0,100,'2017-09-21'),(1343,124,100,0,100,'2017-09-21'),(1344,125,100,0,100,'2017-09-21'),(1345,126,100,0,100,'2017-09-21'),(1346,127,100,0,100,'2017-09-21'),(1347,128,100,0,100,'2017-09-21'),(1348,129,100,0,100,'2017-09-21'),(1349,130,100,0,100,'2017-09-21'),(1350,131,100,0,100,'2017-09-21'),(1351,132,100,0,100,'2017-09-21'),(1352,133,100,0,100,'2017-09-21'),(1353,134,100,0,100,'2017-09-21'),(1354,135,100,0,100,'2017-09-21'),(1355,136,100,0,100,'2017-09-21'),(1356,137,100,0,100,'2017-09-21'),(1357,138,100,0,100,'2017-09-21'),(1358,139,100,0,100,'2017-09-21'),(1359,140,100,0,100,'2017-09-21'),(1360,141,110,0,110,'2017-09-21'),(1361,142,100,0,100,'2017-09-21'),(1362,143,100,0,100,'2017-09-21'),(1363,144,100,0,100,'2017-09-21'),(1364,145,100,0,100,'2017-09-21'),(1365,146,121,0,121,'2017-09-21'),(1366,147,100,0,100,'2017-09-21'),(1367,148,100,0,100,'2017-09-21'),(1368,149,100,0,100,'2017-09-21'),(1369,150,100,0,100,'2017-09-21'),(1370,151,100,0,100,'2017-09-21'),(1371,152,100,0,100,'2017-09-21'),(1372,153,100,0,100,'2017-09-21'),(1373,154,100,0,100,'2017-09-21'),(1374,155,100,0,100,'2017-09-21'),(1375,156,100,0,100,'2017-09-21'),(1376,157,100,0,100,'2017-09-21'),(1377,158,100,0,100,'2017-09-21'),(1378,159,100,0,100,'2017-09-21'),(1379,160,100,0,100,'2017-09-21'),(1380,161,100,0,100,'2017-09-21'),(1381,162,100,0,100,'2017-09-21'),(1382,163,100,0,100,'2017-09-21'),(1383,164,100,0,100,'2017-09-21'),(1384,165,100,0,100,'2017-09-21'),(1385,166,100,0,100,'2017-09-21'),(1386,167,100,0,100,'2017-09-21'),(1387,168,100,0,100,'2017-09-21'),(1388,96,89,0,89,'2017-09-22'),(1389,97,72,0,72,'2017-09-22'),(1390,98,100,0,100,'2017-09-22'),(1391,99,89,0,89,'2017-09-22'),(1392,100,100,0,100,'2017-09-22'),(1393,101,100,0,100,'2017-09-22'),(1394,102,100,0,100,'2017-09-22'),(1395,103,100,0,100,'2017-09-22'),(1396,104,100,0,100,'2017-09-22'),(1397,105,100,0,100,'2017-09-22'),(1398,106,100,0,100,'2017-09-22'),(1399,107,100,0,100,'2017-09-22'),(1400,108,100,0,100,'2017-09-22'),(1401,109,100,0,100,'2017-09-22'),(1402,110,100,0,100,'2017-09-22'),(1403,111,100,0,100,'2017-09-22'),(1404,112,100,0,100,'2017-09-22'),(1405,113,100,0,100,'2017-09-22'),(1406,114,100,0,100,'2017-09-22'),(1407,115,100,0,100,'2017-09-22'),(1408,116,100,0,100,'2017-09-22'),(1409,117,100,0,100,'2017-09-22'),(1410,118,100,0,100,'2017-09-22'),(1411,119,100,0,100,'2017-09-22'),(1412,120,100,0,100,'2017-09-22'),(1413,121,100,0,100,'2017-09-22'),(1414,122,100,0,100,'2017-09-22'),(1415,123,100,0,100,'2017-09-22'),(1416,124,100,0,100,'2017-09-22'),(1417,125,100,0,100,'2017-09-22'),(1418,126,100,0,100,'2017-09-22'),(1419,127,100,0,100,'2017-09-22'),(1420,128,100,0,100,'2017-09-22'),(1421,129,100,0,100,'2017-09-22'),(1422,130,100,0,100,'2017-09-22'),(1423,131,100,0,100,'2017-09-22'),(1424,132,100,0,100,'2017-09-22'),(1425,133,100,0,100,'2017-09-22'),(1426,134,100,0,100,'2017-09-22'),(1427,135,100,0,100,'2017-09-22'),(1428,136,100,0,100,'2017-09-22'),(1429,137,100,0,100,'2017-09-22'),(1430,138,100,0,100,'2017-09-22'),(1431,139,100,0,100,'2017-09-22'),(1432,140,100,0,100,'2017-09-22'),(1433,141,110,0,110,'2017-09-22'),(1434,142,100,0,100,'2017-09-22'),(1435,143,100,0,100,'2017-09-22'),(1436,144,100,0,100,'2017-09-22'),(1437,145,100,0,100,'2017-09-22'),(1438,146,121,0,121,'2017-09-22'),(1439,147,100,0,100,'2017-09-22'),(1440,148,100,0,100,'2017-09-22'),(1441,149,100,0,100,'2017-09-22'),(1442,150,100,0,100,'2017-09-22'),(1443,151,100,0,100,'2017-09-22'),(1444,152,100,0,100,'2017-09-22'),(1445,153,100,0,100,'2017-09-22'),(1446,154,100,0,100,'2017-09-22'),(1447,155,100,0,100,'2017-09-22'),(1448,156,100,0,100,'2017-09-22'),(1449,157,100,0,100,'2017-09-22'),(1450,158,100,0,100,'2017-09-22'),(1451,159,100,0,100,'2017-09-22'),(1452,160,100,0,100,'2017-09-22'),(1453,161,100,0,100,'2017-09-22'),(1454,162,100,0,100,'2017-09-22'),(1455,163,100,0,100,'2017-09-22'),(1456,164,100,0,100,'2017-09-22'),(1457,165,100,0,100,'2017-09-22'),(1458,166,100,0,100,'2017-09-22'),(1459,167,100,0,100,'2017-09-22'),(1460,168,100,0,100,'2017-09-22'),(1461,96,89,0,89,'2017-09-23'),(1462,97,72,0,72,'2017-09-23'),(1463,98,100,0,100,'2017-09-23'),(1464,99,89,0,89,'2017-09-23'),(1465,100,100,0,100,'2017-09-23'),(1466,101,100,0,100,'2017-09-23'),(1467,102,100,0,100,'2017-09-23'),(1468,103,100,0,100,'2017-09-23'),(1469,104,100,0,100,'2017-09-23'),(1470,105,100,0,100,'2017-09-23'),(1471,106,100,0,100,'2017-09-23'),(1472,107,100,0,100,'2017-09-23'),(1473,108,100,0,100,'2017-09-23'),(1474,109,100,0,100,'2017-09-23'),(1475,110,100,0,100,'2017-09-23'),(1476,111,100,0,100,'2017-09-23'),(1477,112,100,0,100,'2017-09-23'),(1478,113,100,0,100,'2017-09-23'),(1479,114,100,0,100,'2017-09-23'),(1480,115,100,0,100,'2017-09-23'),(1481,116,100,0,100,'2017-09-23'),(1482,117,100,0,100,'2017-09-23'),(1483,118,100,0,100,'2017-09-23'),(1484,119,100,0,100,'2017-09-23'),(1485,120,100,0,100,'2017-09-23'),(1486,121,100,0,100,'2017-09-23'),(1487,122,100,0,100,'2017-09-23'),(1488,123,100,0,100,'2017-09-23'),(1489,124,100,0,100,'2017-09-23'),(1490,125,100,0,100,'2017-09-23'),(1491,126,100,0,100,'2017-09-23'),(1492,127,100,0,100,'2017-09-23'),(1493,128,100,0,100,'2017-09-23'),(1494,129,100,0,100,'2017-09-23'),(1495,130,100,0,100,'2017-09-23'),(1496,131,100,0,100,'2017-09-23'),(1497,132,100,0,100,'2017-09-23'),(1498,133,100,0,100,'2017-09-23'),(1499,134,100,0,100,'2017-09-23'),(1500,135,100,0,100,'2017-09-23'),(1501,136,100,0,100,'2017-09-23'),(1502,137,100,0,100,'2017-09-23'),(1503,138,100,0,100,'2017-09-23'),(1504,139,100,0,100,'2017-09-23'),(1505,140,100,0,100,'2017-09-23'),(1506,141,110,0,110,'2017-09-23'),(1507,142,100,0,100,'2017-09-23'),(1508,143,100,0,100,'2017-09-23'),(1509,144,100,0,100,'2017-09-23'),(1510,145,100,0,100,'2017-09-23'),(1511,146,121,0,121,'2017-09-23'),(1512,147,100,0,100,'2017-09-23'),(1513,148,100,0,100,'2017-09-23'),(1514,149,100,0,100,'2017-09-23'),(1515,150,100,0,100,'2017-09-23'),(1516,151,100,0,100,'2017-09-23'),(1517,152,100,0,100,'2017-09-23'),(1518,153,100,0,100,'2017-09-23'),(1519,154,100,0,100,'2017-09-23'),(1520,155,100,0,100,'2017-09-23'),(1521,156,100,0,100,'2017-09-23'),(1522,157,100,0,100,'2017-09-23'),(1523,158,100,0,100,'2017-09-23'),(1524,159,100,0,100,'2017-09-23'),(1525,160,100,0,100,'2017-09-23'),(1526,161,100,0,100,'2017-09-23'),(1527,162,100,0,100,'2017-09-23'),(1528,163,100,0,100,'2017-09-23'),(1529,164,100,0,100,'2017-09-23'),(1530,165,100,0,100,'2017-09-23'),(1531,166,100,0,100,'2017-09-23'),(1532,167,100,0,100,'2017-09-23'),(1533,168,100,0,100,'2017-09-23'),(1534,96,89,0,89,'2017-09-24'),(1535,97,72,0,72,'2017-09-24'),(1536,98,100,0,100,'2017-09-24'),(1537,99,89,0,89,'2017-09-24'),(1538,100,100,0,100,'2017-09-24'),(1539,101,100,0,100,'2017-09-24'),(1540,102,100,0,100,'2017-09-24'),(1541,103,100,0,100,'2017-09-24'),(1542,104,100,0,100,'2017-09-24'),(1543,105,100,0,100,'2017-09-24'),(1544,106,100,0,100,'2017-09-24'),(1545,107,100,0,100,'2017-09-24'),(1546,108,100,0,100,'2017-09-24'),(1547,109,100,0,100,'2017-09-24'),(1548,110,100,0,100,'2017-09-24'),(1549,111,100,0,100,'2017-09-24'),(1550,112,100,0,100,'2017-09-24'),(1551,113,100,0,100,'2017-09-24'),(1552,114,100,0,100,'2017-09-24'),(1553,115,100,0,100,'2017-09-24'),(1554,116,100,0,100,'2017-09-24'),(1555,117,100,0,100,'2017-09-24'),(1556,118,100,0,100,'2017-09-24'),(1557,119,100,0,100,'2017-09-24'),(1558,120,100,0,100,'2017-09-24'),(1559,121,100,0,100,'2017-09-24'),(1560,122,100,0,100,'2017-09-24'),(1561,123,100,0,100,'2017-09-24'),(1562,124,100,0,100,'2017-09-24'),(1563,125,100,0,100,'2017-09-24'),(1564,126,100,0,100,'2017-09-24'),(1565,127,100,0,100,'2017-09-24'),(1566,128,100,0,100,'2017-09-24'),(1567,129,100,0,100,'2017-09-24'),(1568,130,100,0,100,'2017-09-24'),(1569,131,100,0,100,'2017-09-24'),(1570,132,100,0,100,'2017-09-24'),(1571,133,100,0,100,'2017-09-24'),(1572,134,100,0,100,'2017-09-24'),(1573,135,100,0,100,'2017-09-24'),(1574,136,100,0,100,'2017-09-24'),(1575,137,100,0,100,'2017-09-24'),(1576,138,100,0,100,'2017-09-24'),(1577,139,100,0,100,'2017-09-24'),(1578,140,100,0,100,'2017-09-24'),(1579,141,110,0,110,'2017-09-24'),(1580,142,100,0,100,'2017-09-24'),(1581,143,100,0,100,'2017-09-24'),(1582,144,100,0,100,'2017-09-24'),(1583,145,100,0,100,'2017-09-24'),(1584,146,121,0,121,'2017-09-24'),(1585,147,100,0,100,'2017-09-24'),(1586,148,100,0,100,'2017-09-24'),(1587,149,100,0,100,'2017-09-24'),(1588,150,100,0,100,'2017-09-24'),(1589,151,100,0,100,'2017-09-24'),(1590,152,100,0,100,'2017-09-24'),(1591,153,100,0,100,'2017-09-24'),(1592,154,100,0,100,'2017-09-24'),(1593,155,100,0,100,'2017-09-24'),(1594,156,100,0,100,'2017-09-24'),(1595,157,100,0,100,'2017-09-24'),(1596,158,100,0,100,'2017-09-24'),(1597,159,100,0,100,'2017-09-24'),(1598,160,100,0,100,'2017-09-24'),(1599,161,100,0,100,'2017-09-24'),(1600,162,100,0,100,'2017-09-24'),(1601,163,100,0,100,'2017-09-24'),(1602,164,100,0,100,'2017-09-24'),(1603,165,100,0,100,'2017-09-24'),(1604,166,100,0,100,'2017-09-24'),(1605,167,100,0,100,'2017-09-24'),(1606,168,100,0,100,'2017-09-24'),(1607,96,89,0,89,'2017-09-25'),(1608,97,72,0,72,'2017-09-25'),(1609,98,100,0,100,'2017-09-25'),(1610,99,89,0,89,'2017-09-25'),(1611,100,100,0,100,'2017-09-25'),(1612,101,100,0,100,'2017-09-25'),(1613,102,100,0,100,'2017-09-25'),(1614,103,100,0,100,'2017-09-25'),(1615,104,100,0,100,'2017-09-25'),(1616,105,100,0,100,'2017-09-25'),(1617,106,100,0,100,'2017-09-25'),(1618,107,100,0,100,'2017-09-25'),(1619,108,100,0,100,'2017-09-25'),(1620,109,100,0,100,'2017-09-25'),(1621,110,100,0,100,'2017-09-25'),(1622,111,100,0,100,'2017-09-25'),(1623,112,100,0,100,'2017-09-25'),(1624,113,100,0,100,'2017-09-25'),(1625,114,100,0,100,'2017-09-25'),(1626,115,100,0,100,'2017-09-25'),(1627,116,100,0,100,'2017-09-25'),(1628,117,100,0,100,'2017-09-25'),(1629,118,100,0,100,'2017-09-25'),(1630,119,100,0,100,'2017-09-25'),(1631,120,100,0,100,'2017-09-25'),(1632,121,100,0,100,'2017-09-25'),(1633,122,100,0,100,'2017-09-25'),(1634,123,100,0,100,'2017-09-25'),(1635,124,100,0,100,'2017-09-25'),(1636,125,100,0,100,'2017-09-25'),(1637,126,100,0,100,'2017-09-25'),(1638,127,100,0,100,'2017-09-25'),(1639,128,100,0,100,'2017-09-25'),(1640,129,100,0,100,'2017-09-25'),(1641,130,100,0,100,'2017-09-25'),(1642,131,100,0,100,'2017-09-25'),(1643,132,100,0,100,'2017-09-25'),(1644,133,100,0,100,'2017-09-25'),(1645,134,100,0,100,'2017-09-25'),(1646,135,100,0,100,'2017-09-25'),(1647,136,100,0,100,'2017-09-25'),(1648,137,100,0,100,'2017-09-25'),(1649,138,100,0,100,'2017-09-25'),(1650,139,100,0,100,'2017-09-25'),(1651,140,100,0,100,'2017-09-25'),(1652,141,110,0,110,'2017-09-25'),(1653,142,100,0,100,'2017-09-25'),(1654,143,100,0,100,'2017-09-25'),(1655,144,100,0,100,'2017-09-25'),(1656,145,100,0,100,'2017-09-25'),(1657,146,121,0,121,'2017-09-25'),(1658,147,100,0,100,'2017-09-25'),(1659,148,100,0,100,'2017-09-25'),(1660,149,100,0,100,'2017-09-25'),(1661,150,100,0,100,'2017-09-25'),(1662,151,100,0,100,'2017-09-25'),(1663,152,100,0,100,'2017-09-25'),(1664,153,100,0,100,'2017-09-25'),(1665,154,100,0,100,'2017-09-25'),(1666,155,100,0,100,'2017-09-25'),(1667,156,100,0,100,'2017-09-25'),(1668,157,100,0,100,'2017-09-25'),(1669,158,100,0,100,'2017-09-25'),(1670,159,100,0,100,'2017-09-25'),(1671,160,100,0,100,'2017-09-25'),(1672,161,100,0,100,'2017-09-25'),(1673,162,100,0,100,'2017-09-25'),(1674,163,100,0,100,'2017-09-25'),(1675,164,100,0,100,'2017-09-25'),(1676,165,100,0,100,'2017-09-25'),(1677,166,100,0,100,'2017-09-25'),(1678,167,100,0,100,'2017-09-25'),(1679,168,100,0,100,'2017-09-25'),(1680,96,89,0,89,'2017-09-26'),(1681,97,72,0,72,'2017-09-26'),(1682,98,100,0,100,'2017-09-26'),(1683,99,89,0,89,'2017-09-26'),(1684,100,100,0,100,'2017-09-26'),(1685,101,100,0,100,'2017-09-26'),(1686,102,100,0,100,'2017-09-26'),(1687,103,100,0,100,'2017-09-26'),(1688,104,100,0,100,'2017-09-26'),(1689,105,100,0,100,'2017-09-26'),(1690,106,100,0,100,'2017-09-26'),(1691,107,100,0,100,'2017-09-26'),(1692,108,100,0,100,'2017-09-26'),(1693,109,100,0,100,'2017-09-26'),(1694,110,100,0,100,'2017-09-26'),(1695,111,100,0,100,'2017-09-26'),(1696,112,100,0,100,'2017-09-26'),(1697,113,100,0,100,'2017-09-26'),(1698,114,100,0,100,'2017-09-26'),(1699,115,100,0,100,'2017-09-26'),(1700,116,100,0,100,'2017-09-26'),(1701,117,100,0,100,'2017-09-26'),(1702,118,100,0,100,'2017-09-26'),(1703,119,100,0,100,'2017-09-26'),(1704,120,100,0,100,'2017-09-26'),(1705,121,100,0,100,'2017-09-26'),(1706,122,100,0,100,'2017-09-26'),(1707,123,100,0,100,'2017-09-26'),(1708,124,100,0,100,'2017-09-26'),(1709,125,100,0,100,'2017-09-26'),(1710,126,100,0,100,'2017-09-26'),(1711,127,100,0,100,'2017-09-26'),(1712,128,100,0,100,'2017-09-26'),(1713,129,100,0,100,'2017-09-26'),(1714,130,100,0,100,'2017-09-26'),(1715,131,100,0,100,'2017-09-26'),(1716,132,100,0,100,'2017-09-26'),(1717,133,100,0,100,'2017-09-26'),(1718,134,100,0,100,'2017-09-26'),(1719,135,100,0,100,'2017-09-26'),(1720,136,100,0,100,'2017-09-26'),(1721,137,100,0,100,'2017-09-26'),(1722,138,100,0,100,'2017-09-26'),(1723,139,100,0,100,'2017-09-26'),(1724,140,100,0,100,'2017-09-26'),(1725,141,110,0,110,'2017-09-26'),(1726,142,100,0,100,'2017-09-26'),(1727,143,100,0,100,'2017-09-26'),(1728,144,100,0,100,'2017-09-26'),(1729,145,100,0,100,'2017-09-26'),(1730,146,121,0,121,'2017-09-26'),(1731,147,100,0,100,'2017-09-26'),(1732,148,100,0,100,'2017-09-26'),(1733,149,100,0,100,'2017-09-26'),(1734,150,100,0,100,'2017-09-26'),(1735,151,100,0,100,'2017-09-26'),(1736,152,100,0,100,'2017-09-26'),(1737,153,100,0,100,'2017-09-26'),(1738,154,100,0,100,'2017-09-26'),(1739,155,100,0,100,'2017-09-26'),(1740,156,100,0,100,'2017-09-26'),(1741,157,100,0,100,'2017-09-26'),(1742,158,100,0,100,'2017-09-26'),(1743,159,100,0,100,'2017-09-26'),(1744,160,100,0,100,'2017-09-26'),(1745,161,100,0,100,'2017-09-26'),(1746,162,100,0,100,'2017-09-26'),(1747,163,100,0,100,'2017-09-26'),(1748,164,100,0,100,'2017-09-26'),(1749,165,100,0,100,'2017-09-26'),(1750,166,100,0,100,'2017-09-26'),(1751,167,100,0,100,'2017-09-26'),(1752,168,100,0,100,'2017-09-26'),(1826,96,89,0,89,'2017-09-27'),(1827,97,72,0,72,'2017-09-27'),(1828,98,100,0,100,'2017-09-27'),(1829,99,89,0,89,'2017-09-27'),(1830,100,100,0,100,'2017-09-27'),(1831,101,100,0,100,'2017-09-27'),(1832,102,100,0,100,'2017-09-27'),(1833,103,100,0,100,'2017-09-27'),(1834,104,100,0,100,'2017-09-27'),(1835,105,100,0,100,'2017-09-27'),(1836,106,100,0,100,'2017-09-27'),(1837,107,100,0,100,'2017-09-27'),(1838,108,100,0,100,'2017-09-27'),(1839,109,100,0,100,'2017-09-27'),(1840,110,100,0,100,'2017-09-27'),(1841,111,100,0,100,'2017-09-27'),(1842,112,100,0,100,'2017-09-27'),(1843,113,100,0,100,'2017-09-27'),(1844,114,100,0,100,'2017-09-27'),(1845,115,100,0,100,'2017-09-27'),(1846,116,100,0,100,'2017-09-27'),(1847,117,100,0,100,'2017-09-27'),(1848,118,100,0,100,'2017-09-27'),(1849,119,100,0,100,'2017-09-27'),(1850,120,100,0,100,'2017-09-27'),(1851,121,100,0,100,'2017-09-27'),(1852,122,100,0,100,'2017-09-27'),(1853,123,100,0,100,'2017-09-27'),(1854,124,100,0,100,'2017-09-27'),(1855,125,100,0,100,'2017-09-27'),(1856,126,100,0,100,'2017-09-27'),(1857,127,100,0,100,'2017-09-27'),(1858,128,100,0,100,'2017-09-27'),(1859,129,100,0,100,'2017-09-27'),(1860,130,100,0,100,'2017-09-27'),(1861,131,100,0,100,'2017-09-27'),(1862,132,100,0,100,'2017-09-27'),(1863,133,100,0,100,'2017-09-27'),(1864,134,100,0,100,'2017-09-27'),(1865,135,100,0,100,'2017-09-27'),(1866,136,100,0,100,'2017-09-27'),(1867,137,100,0,100,'2017-09-27'),(1868,138,100,0,100,'2017-09-27'),(1869,139,100,0,100,'2017-09-27'),(1870,140,100,0,100,'2017-09-27'),(1871,141,110,0,110,'2017-09-27'),(1872,142,100,0,100,'2017-09-27'),(1873,143,100,0,100,'2017-09-27'),(1874,144,100,0,100,'2017-09-27'),(1875,145,100,0,100,'2017-09-27'),(1876,146,121,0,121,'2017-09-27'),(1877,147,100,0,100,'2017-09-27'),(1878,148,100,0,100,'2017-09-27'),(1879,149,100,0,100,'2017-09-27'),(1880,150,100,0,100,'2017-09-27'),(1881,151,100,0,100,'2017-09-27'),(1882,152,100,0,100,'2017-09-27'),(1883,153,100,0,100,'2017-09-27'),(1884,154,100,0,100,'2017-09-27'),(1885,155,100,0,100,'2017-09-27'),(1886,156,100,0,100,'2017-09-27'),(1887,157,100,0,100,'2017-09-27'),(1888,158,100,0,100,'2017-09-27'),(1889,159,100,0,100,'2017-09-27'),(1890,160,100,0,100,'2017-09-27'),(1891,161,100,0,100,'2017-09-27'),(1892,162,100,0,100,'2017-09-27'),(1893,163,100,0,100,'2017-09-27'),(1894,164,100,0,100,'2017-09-27'),(1895,165,100,0,100,'2017-09-27'),(1896,166,100,0,100,'2017-09-27'),(1897,167,100,0,100,'2017-09-27'),(1898,168,100,0,100,'2017-09-27'),(1899,96,89,0,89,'2017-09-28'),(1900,97,72,0,72,'2017-09-28'),(1901,98,100,0,100,'2017-09-28'),(1902,99,89,0,89,'2017-09-28'),(1903,100,100,0,100,'2017-09-28'),(1904,101,100,0,100,'2017-09-28'),(1905,102,100,0,100,'2017-09-28'),(1906,103,100,0,100,'2017-09-28'),(1907,104,100,0,100,'2017-09-28'),(1908,105,100,0,100,'2017-09-28'),(1909,106,100,0,100,'2017-09-28'),(1910,107,100,0,100,'2017-09-28'),(1911,108,100,0,100,'2017-09-28'),(1912,109,100,0,100,'2017-09-28'),(1913,110,100,0,100,'2017-09-28'),(1914,111,100,0,100,'2017-09-28'),(1915,112,100,0,100,'2017-09-28'),(1916,113,100,0,100,'2017-09-28'),(1917,114,100,0,100,'2017-09-28'),(1918,115,100,0,100,'2017-09-28'),(1919,116,100,0,100,'2017-09-28'),(1920,117,100,0,100,'2017-09-28'),(1921,118,100,0,100,'2017-09-28'),(1922,119,100,0,100,'2017-09-28'),(1923,120,100,0,100,'2017-09-28'),(1924,121,100,0,100,'2017-09-28'),(1925,122,100,0,100,'2017-09-28'),(1926,123,100,0,100,'2017-09-28'),(1927,124,100,0,100,'2017-09-28'),(1928,125,100,0,100,'2017-09-28'),(1929,126,100,0,100,'2017-09-28'),(1930,127,100,0,100,'2017-09-28'),(1931,128,100,0,100,'2017-09-28'),(1932,129,100,0,100,'2017-09-28'),(1933,130,100,0,100,'2017-09-28'),(1934,131,100,0,100,'2017-09-28'),(1935,132,100,0,100,'2017-09-28'),(1936,133,100,0,100,'2017-09-28'),(1937,134,100,0,100,'2017-09-28'),(1938,135,100,0,100,'2017-09-28'),(1939,136,100,0,100,'2017-09-28'),(1940,137,100,0,100,'2017-09-28'),(1941,138,100,0,100,'2017-09-28'),(1942,139,100,0,100,'2017-09-28'),(1943,140,100,0,100,'2017-09-28'),(1944,141,110,0,110,'2017-09-28'),(1945,142,100,0,100,'2017-09-28'),(1946,143,100,0,100,'2017-09-28'),(1947,144,100,0,100,'2017-09-28'),(1948,145,100,0,100,'2017-09-28'),(1949,146,121,0,121,'2017-09-28'),(1950,147,100,0,100,'2017-09-28'),(1951,148,100,0,100,'2017-09-28'),(1952,149,100,0,100,'2017-09-28'),(1953,150,100,0,100,'2017-09-28'),(1954,151,100,0,100,'2017-09-28'),(1955,152,100,0,100,'2017-09-28'),(1956,153,100,0,100,'2017-09-28'),(1957,154,100,0,100,'2017-09-28'),(1958,155,100,0,100,'2017-09-28'),(1959,156,100,0,100,'2017-09-28'),(1960,157,100,0,100,'2017-09-28'),(1961,158,100,0,100,'2017-09-28'),(1962,159,100,0,100,'2017-09-28'),(1963,160,100,0,100,'2017-09-28'),(1964,161,100,0,100,'2017-09-28'),(1965,162,100,0,100,'2017-09-28'),(1966,163,100,0,100,'2017-09-28'),(1967,164,100,0,100,'2017-09-28'),(1968,165,100,0,100,'2017-09-28'),(1969,166,100,0,100,'2017-09-28'),(1970,167,100,0,100,'2017-09-28'),(1971,168,100,0,100,'2017-09-28'),(1972,96,89,0,89,'2017-09-29'),(1973,97,72,0,72,'2017-09-29'),(1974,98,100,0,100,'2017-09-29'),(1975,99,89,0,89,'2017-09-29'),(1976,100,100,0,100,'2017-09-29'),(1977,101,100,0,100,'2017-09-29'),(1978,102,100,0,100,'2017-09-29'),(1979,103,100,0,100,'2017-09-29'),(1980,104,100,0,100,'2017-09-29'),(1981,105,100,0,100,'2017-09-29'),(1982,106,100,0,100,'2017-09-29'),(1983,107,100,0,100,'2017-09-29'),(1984,108,100,0,100,'2017-09-29'),(1985,109,100,0,100,'2017-09-29'),(1986,110,100,0,100,'2017-09-29'),(1987,111,100,0,100,'2017-09-29'),(1988,112,100,0,100,'2017-09-29'),(1989,113,100,0,100,'2017-09-29'),(1990,114,100,0,100,'2017-09-29'),(1991,115,100,0,100,'2017-09-29'),(1992,116,100,0,100,'2017-09-29'),(1993,117,100,0,100,'2017-09-29'),(1994,118,100,0,100,'2017-09-29'),(1995,119,100,0,100,'2017-09-29'),(1996,120,100,0,100,'2017-09-29'),(1997,121,100,0,100,'2017-09-29'),(1998,122,100,0,100,'2017-09-29'),(1999,123,100,0,100,'2017-09-29'),(2000,124,100,0,100,'2017-09-29'),(2001,125,100,0,100,'2017-09-29'),(2002,126,100,0,100,'2017-09-29'),(2003,127,100,0,100,'2017-09-29'),(2004,128,100,0,100,'2017-09-29'),(2005,129,100,0,100,'2017-09-29'),(2006,130,100,0,100,'2017-09-29'),(2007,131,100,0,100,'2017-09-29'),(2008,132,100,0,100,'2017-09-29'),(2009,133,100,0,100,'2017-09-29'),(2010,134,100,0,100,'2017-09-29'),(2011,135,100,0,100,'2017-09-29'),(2012,136,100,0,100,'2017-09-29'),(2013,137,100,0,100,'2017-09-29'),(2014,138,100,0,100,'2017-09-29'),(2015,139,100,0,100,'2017-09-29'),(2016,140,100,0,100,'2017-09-29'),(2017,141,110,0,110,'2017-09-29'),(2018,142,100,0,100,'2017-09-29'),(2019,143,100,0,100,'2017-09-29'),(2020,144,100,0,100,'2017-09-29'),(2021,145,100,0,100,'2017-09-29'),(2022,146,121,0,121,'2017-09-29'),(2023,147,100,0,100,'2017-09-29'),(2024,148,100,0,100,'2017-09-29'),(2025,149,100,0,100,'2017-09-29'),(2026,150,100,0,100,'2017-09-29'),(2027,151,100,0,100,'2017-09-29'),(2028,152,100,0,100,'2017-09-29'),(2029,153,100,0,100,'2017-09-29'),(2030,154,100,0,100,'2017-09-29'),(2031,155,100,0,100,'2017-09-29'),(2032,156,100,0,100,'2017-09-29'),(2033,157,100,0,100,'2017-09-29'),(2034,158,100,0,100,'2017-09-29'),(2035,159,100,0,100,'2017-09-29'),(2036,160,100,0,100,'2017-09-29'),(2037,161,100,0,100,'2017-09-29'),(2038,162,100,0,100,'2017-09-29'),(2039,163,100,0,100,'2017-09-29'),(2040,164,100,0,100,'2017-09-29'),(2041,165,100,0,100,'2017-09-29'),(2042,166,100,0,100,'2017-09-29'),(2043,167,100,0,100,'2017-09-29'),(2044,168,100,0,100,'2017-09-29'),(2045,96,89,0,89,'2017-09-30'),(2046,97,72,0,72,'2017-09-30'),(2047,98,100,0,100,'2017-09-30'),(2048,99,89,0,89,'2017-09-30'),(2049,100,100,0,100,'2017-09-30'),(2050,101,100,0,100,'2017-09-30'),(2051,102,100,0,100,'2017-09-30'),(2052,103,100,0,100,'2017-09-30'),(2053,104,100,0,100,'2017-09-30'),(2054,105,100,0,100,'2017-09-30'),(2055,106,100,0,100,'2017-09-30'),(2056,107,100,0,100,'2017-09-30'),(2057,108,100,0,100,'2017-09-30'),(2058,109,100,0,100,'2017-09-30'),(2059,110,100,0,100,'2017-09-30'),(2060,111,100,0,100,'2017-09-30'),(2061,112,100,0,100,'2017-09-30'),(2062,113,100,0,100,'2017-09-30'),(2063,114,100,0,100,'2017-09-30'),(2064,115,100,0,100,'2017-09-30'),(2065,116,100,0,100,'2017-09-30'),(2066,117,100,0,100,'2017-09-30'),(2067,118,100,0,100,'2017-09-30'),(2068,119,100,0,100,'2017-09-30'),(2069,120,100,0,100,'2017-09-30'),(2070,121,100,0,100,'2017-09-30'),(2071,122,100,0,100,'2017-09-30'),(2072,123,100,0,100,'2017-09-30'),(2073,124,100,0,100,'2017-09-30'),(2074,125,100,0,100,'2017-09-30'),(2075,126,100,0,100,'2017-09-30'),(2076,127,100,0,100,'2017-09-30'),(2077,128,100,0,100,'2017-09-30'),(2078,129,100,0,100,'2017-09-30'),(2079,130,100,0,100,'2017-09-30'),(2080,131,100,0,100,'2017-09-30'),(2081,132,100,0,100,'2017-09-30'),(2082,133,100,0,100,'2017-09-30'),(2083,134,100,0,100,'2017-09-30'),(2084,135,100,0,100,'2017-09-30'),(2085,136,100,0,100,'2017-09-30'),(2086,137,100,0,100,'2017-09-30'),(2087,138,100,0,100,'2017-09-30'),(2088,139,100,0,100,'2017-09-30'),(2089,140,100,0,100,'2017-09-30'),(2090,141,110,0,110,'2017-09-30'),(2091,142,100,0,100,'2017-09-30'),(2092,143,100,0,100,'2017-09-30'),(2093,144,100,0,100,'2017-09-30'),(2094,145,100,0,100,'2017-09-30'),(2095,146,121,0,121,'2017-09-30'),(2096,147,100,0,100,'2017-09-30'),(2097,148,100,0,100,'2017-09-30'),(2098,149,100,0,100,'2017-09-30'),(2099,150,100,0,100,'2017-09-30'),(2100,151,100,0,100,'2017-09-30'),(2101,152,100,0,100,'2017-09-30'),(2102,153,100,0,100,'2017-09-30'),(2103,154,100,0,100,'2017-09-30'),(2104,155,100,0,100,'2017-09-30'),(2105,156,100,0,100,'2017-09-30'),(2106,157,100,0,100,'2017-09-30'),(2107,158,100,0,100,'2017-09-30'),(2108,159,100,0,100,'2017-09-30'),(2109,160,100,0,100,'2017-09-30'),(2110,161,100,0,100,'2017-09-30'),(2111,162,100,0,100,'2017-09-30'),(2112,163,100,0,100,'2017-09-30'),(2113,164,100,0,100,'2017-09-30'),(2114,165,100,0,100,'2017-09-30'),(2115,166,100,0,100,'2017-09-30'),(2116,167,100,0,100,'2017-09-30'),(2117,168,100,0,100,'2017-09-30'),(2118,96,89,0,89,'2017-10-01'),(2119,97,72,0,60,'2017-10-01'),(2120,98,100,0,100,'2017-10-01'),(2121,99,89,0,89,'2017-10-01'),(2122,100,100,0,100,'2017-10-01'),(2123,101,100,0,100,'2017-10-01'),(2124,102,100,0,100,'2017-10-01'),(2125,103,100,0,100,'2017-10-01'),(2126,104,100,0,100,'2017-10-01'),(2127,105,100,0,100,'2017-10-01'),(2128,106,100,0,100,'2017-10-01'),(2129,107,100,0,100,'2017-10-01'),(2130,108,100,0,100,'2017-10-01'),(2131,109,100,0,100,'2017-10-01'),(2132,110,100,0,100,'2017-10-01'),(2133,111,100,0,100,'2017-10-01'),(2134,112,100,0,100,'2017-10-01'),(2135,113,100,0,100,'2017-10-01'),(2136,114,100,0,100,'2017-10-01'),(2137,115,100,0,100,'2017-10-01'),(2138,116,100,0,100,'2017-10-01'),(2139,117,100,0,100,'2017-10-01'),(2140,118,100,0,100,'2017-10-01'),(2141,119,100,0,100,'2017-10-01'),(2142,120,100,0,100,'2017-10-01'),(2143,121,100,0,100,'2017-10-01'),(2144,122,100,0,100,'2017-10-01'),(2145,123,100,0,100,'2017-10-01'),(2146,124,100,0,100,'2017-10-01'),(2147,125,100,0,100,'2017-10-01'),(2148,126,100,0,100,'2017-10-01'),(2149,127,100,0,100,'2017-10-01'),(2150,128,100,0,100,'2017-10-01'),(2151,129,100,0,100,'2017-10-01'),(2152,130,100,0,100,'2017-10-01'),(2153,131,100,0,100,'2017-10-01'),(2154,132,100,0,100,'2017-10-01'),(2155,133,100,0,100,'2017-10-01'),(2156,134,100,0,100,'2017-10-01'),(2157,135,100,0,100,'2017-10-01'),(2158,136,100,0,100,'2017-10-01'),(2159,137,100,0,100,'2017-10-01'),(2160,138,100,0,100,'2017-10-01'),(2161,139,100,0,100,'2017-10-01'),(2162,140,100,0,100,'2017-10-01'),(2163,141,110,0,110,'2017-10-01'),(2164,142,100,0,100,'2017-10-01'),(2165,143,100,0,100,'2017-10-01'),(2166,144,100,0,100,'2017-10-01'),(2167,145,100,0,100,'2017-10-01'),(2168,146,121,20,141,'2017-10-01'),(2169,147,100,0,100,'2017-10-01'),(2170,148,100,0,100,'2017-10-01'),(2171,149,100,0,100,'2017-10-01'),(2172,150,100,0,100,'2017-10-01'),(2173,151,100,0,100,'2017-10-01'),(2174,152,100,0,100,'2017-10-01'),(2175,153,100,0,100,'2017-10-01'),(2176,154,100,0,100,'2017-10-01'),(2177,155,100,0,100,'2017-10-01'),(2178,156,100,0,100,'2017-10-01'),(2179,157,100,0,100,'2017-10-01'),(2180,158,100,0,100,'2017-10-01'),(2181,159,100,0,100,'2017-10-01'),(2182,160,100,0,100,'2017-10-01'),(2183,161,100,0,100,'2017-10-01'),(2184,162,100,0,100,'2017-10-01'),(2185,163,100,0,100,'2017-10-01'),(2186,164,100,0,100,'2017-10-01'),(2187,165,100,0,100,'2017-10-01'),(2188,166,100,0,100,'2017-10-01'),(2189,167,100,0,100,'2017-10-01'),(2190,168,100,0,100,'2017-10-01'),(2191,96,89,0,0,'2017-10-02'),(2192,97,60,0,0,'2017-10-02'),(2193,98,100,0,0,'2017-10-02'),(2194,99,89,0,0,'2017-10-02'),(2195,100,100,0,0,'2017-10-02'),(2196,101,100,0,0,'2017-10-02'),(2197,102,100,0,0,'2017-10-02'),(2198,103,100,0,0,'2017-10-02'),(2199,104,100,0,0,'2017-10-02'),(2200,105,100,0,0,'2017-10-02'),(2201,106,100,0,0,'2017-10-02'),(2202,107,100,0,0,'2017-10-02'),(2203,108,100,0,0,'2017-10-02'),(2204,109,100,0,0,'2017-10-02'),(2205,110,100,0,0,'2017-10-02'),(2206,111,100,0,0,'2017-10-02'),(2207,112,100,0,0,'2017-10-02'),(2208,113,100,0,0,'2017-10-02'),(2209,114,100,0,0,'2017-10-02'),(2210,115,100,0,0,'2017-10-02'),(2211,116,100,0,0,'2017-10-02'),(2212,117,100,0,0,'2017-10-02'),(2213,118,100,0,0,'2017-10-02'),(2214,119,100,0,0,'2017-10-02'),(2215,120,100,0,0,'2017-10-02'),(2216,121,100,0,0,'2017-10-02'),(2217,122,100,0,0,'2017-10-02'),(2218,123,100,0,0,'2017-10-02'),(2219,124,100,0,0,'2017-10-02'),(2220,125,100,0,0,'2017-10-02'),(2221,126,100,0,0,'2017-10-02'),(2222,127,100,0,0,'2017-10-02'),(2223,128,100,0,0,'2017-10-02'),(2224,129,100,0,0,'2017-10-02'),(2225,130,100,0,0,'2017-10-02'),(2226,131,100,0,0,'2017-10-02'),(2227,132,100,0,0,'2017-10-02'),(2228,133,100,0,0,'2017-10-02'),(2229,134,100,0,0,'2017-10-02'),(2230,135,100,0,0,'2017-10-02'),(2231,136,100,0,0,'2017-10-02'),(2232,137,100,0,0,'2017-10-02'),(2233,138,100,0,0,'2017-10-02'),(2234,139,100,0,0,'2017-10-02'),(2235,140,100,0,0,'2017-10-02'),(2236,141,110,0,0,'2017-10-02'),(2237,142,100,0,0,'2017-10-02'),(2238,143,100,0,0,'2017-10-02'),(2239,144,100,0,0,'2017-10-02'),(2240,145,100,0,0,'2017-10-02'),(2241,146,141,0,0,'2017-10-02'),(2242,147,100,0,0,'2017-10-02'),(2243,148,100,0,0,'2017-10-02'),(2244,149,100,0,0,'2017-10-02'),(2245,150,100,0,0,'2017-10-02'),(2246,151,100,0,0,'2017-10-02'),(2247,152,100,0,0,'2017-10-02'),(2248,153,100,0,0,'2017-10-02'),(2249,154,100,0,0,'2017-10-02'),(2250,155,100,0,0,'2017-10-02'),(2251,156,100,0,0,'2017-10-02'),(2252,157,100,0,0,'2017-10-02'),(2253,158,100,0,0,'2017-10-02'),(2254,159,100,0,0,'2017-10-02'),(2255,160,100,0,0,'2017-10-02'),(2256,161,100,0,0,'2017-10-02'),(2257,162,100,0,0,'2017-10-02'),(2258,163,100,0,0,'2017-10-02'),(2259,164,100,0,0,'2017-10-02'),(2260,165,100,0,0,'2017-10-02'),(2261,166,100,0,0,'2017-10-02'),(2262,167,100,0,0,'2017-10-02'),(2263,168,100,0,0,'2017-10-02');

/*Table structure for table `menu_category_table` */

DROP TABLE IF EXISTS `menu_category_table`;

CREATE TABLE `menu_category_table` (
  `menucategoryid` int(6) NOT NULL AUTO_INCREMENT,
  `menucategoryname` varchar(60) DEFAULT NULL,
  `imagelocation` varchar(200) DEFAULT NULL,
  PRIMARY KEY (`menucategoryid`)
) ENGINE=InnoDB AUTO_INCREMENT=8 DEFAULT CHARSET=utf8;

/*Data for the table `menu_category_table` */

insert  into `menu_category_table`(`menucategoryid`,`menucategoryname`,`imagelocation`) values (1,'SHORT ORDERS','images/svg/hot-dog.svg'),(2,'BURGERS and SANDWICHES','images/svg/hamburger.svg'),(3,'CAKES, PASTRIES and DESSERTS','images/svg/muffin.svg'),(4,'REFRESHMENTS','images/svg/wine.svg'),(5,'BEVERAGES','images/svg/beer.svg'),(6,'BILAO','images/svg/lemon.svg'),(7,'GOODIES','images/svg/bread-1.svg');

/*Table structure for table `menu_item_table` */

DROP TABLE IF EXISTS `menu_item_table`;

CREATE TABLE `menu_item_table` (
  `menuitemid` int(6) NOT NULL AUTO_INCREMENT,
  `menucategoryid` int(6) DEFAULT NULL,
  `menuitemname` varchar(60) DEFAULT NULL,
  `menuitemdescription` text,
  `price` double DEFAULT NULL,
  `imagelocation` varchar(300) DEFAULT NULL,
  `isavailable` tinyint(1) DEFAULT '0',
  PRIMARY KEY (`menuitemid`),
  KEY `FK_menu_item_table` (`menucategoryid`),
  CONSTRAINT `FK_menu_item_table` FOREIGN KEY (`menucategoryid`) REFERENCES `menu_category_table` (`menucategoryid`) ON DELETE CASCADE ON UPDATE CASCADE
) ENGINE=InnoDB AUTO_INCREMENT=169 DEFAULT CHARSET=utf8;

/*Data for the table `menu_item_table` */

insert  into `menu_item_table`(`menuitemid`,`menucategoryid`,`menuitemname`,`menuitemdescription`,`price`,`imagelocation`,`isavailable`) values (2,1,'PANCIT MOLO (PORK)','GOOD FOR 1 SERVING, PREPARATION TIME IS 5 - 10 MINUTES',50,'images/menu_images/pancit_molo.jpg',1),(3,1,'LAPAZ BATCHOY (PORK) - SPECIAL','GOOD FOR 1 SERVING, PREPARATION TIME IS 5 - 10 MINUTES',55,'images/menu_images/batchoy1.jpg',1),(4,1,'LAPAZ BATCHOY (PORK) - EXTRA SPECIAL','GOOD FOR 1 SERVING, PREPARATION TIME IS 5 - 10 MINUTES',75,'images/menu_images/batchoy2.jpg',0),(5,1,'ARROZ CON CALDO ','GOOD FOR 1 SERVING, PREPARATION TIME IS 5 - 10 MINUTES',70,'images/menu_images/caldo1.jpg',0),(6,1,'EXTRA CALDO','GOOD FOR 1 SERVING, PREPARATION TIME IS 5 - 10 MINUTES',20,'images/menu_images/caldo2.jpg',0),(7,1,'BAKED SPAG','GOOD FOR 1 SERVING, PREPARATION TIME IS 5 - 10 MINUTES',60,'images/menu_images/bakespag.jpg',0),(8,1,'BAKED MAC & CHEESE','GOOD FOR 1 SERVING, PREPARATION TIME IS 5 - 10 MINUTES',75,'images/menu_images/maccheese.jpg',0),(9,1,'SPAGHETTI (BEEF)','GOOD FOR 1 SERVING, PREPARATION TIME IS 5 - 10 MINUTES',48,'images/menu_images/spag.jpg',0),(10,1,'PORK PALABOK','GOOD FOR 1 SERVING, PREPARATION TIME IS 5 - 10 MINUTES',48,'images/menu_images/palabok.jpg',0),(11,1,'BEEF PALABOK','GOOD FOR 1 SERVING, PREPARATION TIME IS 5 - 10 MINUTES',53,'images/menu_images/palabok2.jpg',0),(12,1,'FRIED LUMPIA','GOOD FOR 1 SERVING, PREPARATION TIME IS 5 - 10 MINUTES',17,'images/menu_images/friedlumpia.jpg',0),(13,1,'FRESH LUMPIA','GOOD FOR 1 SERVING, PREPARATION TIME IS 5 - 10 MINUTES',15,'images/menu_images/freshlumpia.jpg',0),(14,1,'CHEESE STICKS (6 PCS)','GOOD FOR 1 SERVING, PREPARATION TIME IS 5 - 10 MINUTES',35,'images/menu_images/cheesestick.jpg',0),(15,1,'LUMPIA SHANGHAI (6 PCS)','GOOD FOR 1 SERVING, PREPARATION TIME IS 5 - 10 MINUTES',40,'images/menu_images/lumpiashang.jpg',0),(16,2,'CHEESE PIMIENTO SANDWICH','GOOD FOR 1 SERVING, PREPARATION TIME IS 5 - 10 MINUTES',50,'images/menu_images/cheesepimiento.jpg',0),(17,2,'CLUBHOUSE SANDWICH','GOOD FOR 1 SERVING, PREPARATION TIME IS 5 - 10 MINUTES',70,'images/menu_images/clubhouse.jpg',0),(18,2,'BACON CHEESE BURGER','GOOD FOR 1 SERVING, PREPARATION TIME IS 5 - 10 MINUTES',70,'images/menu_images/baconcheeseburger.jpg',0),(19,2,'HAMBURGER','GOOD FOR 1 SERVING, PREPARATION TIME IS 5 - 10 MINUTES',48,'images/menu_images/burger.jpg',0),(20,2,'CHEESE BURGER','GOOD FOR 1 SERVING, PREPARATION TIME IS 5 - 10 MINUTES',55,'images/menu_images/cheeseburger.jpg',0),(21,2,'HAWAIIAN BURGER','GOOD FOR 1 SERVING, PREPARATION TIME IS 5 - 10 MINUTES',55,'images/menu_images/hawaiian.jpg',0),(22,2,'CHICKEN SANDWICH','GOOD FOR 1 SERVING, PREPARATION TIME IS 5 - 10 MINUTES',48,'images/menu_images/chickensand.jpg',0),(23,2,'TUNA SANDWICH','GOOD FOR 1 SERVING, PREPARATION TIME IS 5 - 10 MINUTES',50,'images/menu_images/tunasand.jpg',0),(24,2,'TOASTED BREAD','GOOD FOR 1 SERVING, PREPARATION TIME IS 5 - 10 MINUTES',12,'images/menu_images/toastedbread.jpg',0),(25,2,'BUTTER TOAST','GOOD FOR 1 SERVING, PREPARATION TIME IS 5 - 10 MINUTES',15,'images/menu_images/buttertoast.jpg',0),(26,3,'BLUEBERRY CHEESECAKE','GOOD FOR 1 SERVING, PREPARATION TIME IS 5 - 10 MINUTES',75,'images/menu_images/BLUEBERRYCHEESECAKE.jpg',0),(27,3,'RED VELVET CHEESECAKE','GOOD FOR 1 SERVING, PREPARATION TIME IS 5 - 10 MINUTES',75,'images/menu_images/REDVELVETCHEESECAKE.jpg',0),(28,3,'SANSRIVAL','GOOD FOR 1 SERVING, PREPARATION TIME IS 5 - 10 MINUTES',60,'images/menu_images/SANSRIVAL.jpg',0),(29,3,'BRAZO DE MERCEDES','GOOD FOR 1 SERVING, PREPARATION TIME IS 5 - 10 MINUTES',35,'images/menu_images/BRAZODEMERCEDES.jpg',0),(30,3,'CHOCOLATE CAKE','GOOD FOR 1 SERVING, PREPARATION TIME IS 5 - 10 MINUTES',45,'images/menu_images/CHOCOLATECAKE.jpg',0),(31,3,'CHOCOLATE SWISS CAKE','GOOD FOR 1 SERVING, PREPARATION TIME IS 5 - 10 MINUTES',55,'images/menu_images/CHOCOLATESWISSCAKE.jpg',0),(32,3,'RED VELVET ','GOOD FOR 1 SERVING, PREPARATION TIME IS 5 - 10 MINUTES',60,'images/menu_images/REDVELVET.jpg',0),(33,3,'CREAMA DE FRUTA','GOOD FOR 1 SERVING, PREPARATION TIME IS 5 - 10 MINUTES',60,'images/menu_images/CREAMADEFRUTA.jpg',0),(34,3,'EGGPIE','GOOD FOR 1 SERVING, PREPARATION TIME IS 5 - 10 MINUTES',35,'images/menu_images/EGGPIE.jpg',0),(35,3,'LECHE PLAN','GOOD FOR 1 SERVING, PREPARATION TIME IS 5 - 10 MINUTES',30,'images/menu_images/LECHEPLAN.jpg',0),(36,3,'MACARONI SALAD','GOOD FOR 1 SERVING, PREPARATION TIME IS 5 - 10 MINUTES',55,'images/menu_images/MACARONISALAD.jpg',0),(37,3,'YEMA SQUARES','GOOD FOR 1 SERVING, PREPARATION TIME IS 5 - 10 MINUTES',20,'images/menu_images/YEMASQUARES.jpg',0),(38,3,'CARAMEL CAKE','GOOD FOR 1 SERVING, PREPARATION TIME IS 5 - 10 MINUTES',55,'images/menu_images/CARAMELCAKE.jpg',0),(39,4,'HALO-HALO SPECIAL','GOOD FOR 1 SERVING, PREPARATION TIME IS 5 - 10 MINUTES',65,'images/menu_images/HALO-HALO SPECIAL.jpg',0),(40,4,'HALO-HALO REGULAR','GOOD FOR 1 SERVING, PREPARATION TIME IS 5 - 10 MINUTES',60,'images/menu_images/HALO-HALO REGULAR.jpg',0),(41,4,'MAIS CON YELO','GOOD FOR 1 SERVING, PREPARATION TIME IS 5 - 10 MINUTES',50,'images/menu_images/MAIS CON YELO.jpg',0),(42,4,'SABA CON SAGO','GOOD FOR 1 SERVING, PREPARATION TIME IS 5 - 10 MINUTES',50,'images/menu_images/SABA CON SAGO.jpg',0),(43,5,'COKE 8oz (237ml)','GOOD FOR 1 SERVING, PREPARATION TIME IS 5 - 10 MINUTES',16,'images/menu_images/cocacola.jpg',0),(44,5,'COKE 12oz (355ml)','GOOD FOR 1 SERVING, PREPARATION TIME IS 5 - 10 MINUTES',20,'images/menu_images/cocacola.jpg',0),(45,5,'COKE in CAN','GOOD FOR 1 SERVING, PREPARATION TIME IS 5 - 10 MINUTES',30,'images/menu_images/cocacola.jpg',0),(46,5,'COKE 1 LITER','GOOD FOR 1 SERVING, PREPARATION TIME IS 5 - 10 MINUTES',45,'images/menu_images/cocacola.jpg',0),(47,5,'COCA COLA ZERO 8oz (237ml)','GOOD FOR 1 SERVING, PREPARATION TIME IS 5 - 10 MINUTES',16,'images/menu_images/cokezero.jpg',0),(48,5,'COCA COLA ZERO 12oz (355ml)','GOOD FOR 1 SERVING, PREPARATION TIME IS 5 - 10 MINUTES',20,'images/menu_images/cokezero.jpg',0),(49,5,'COCA COLA ZERO in CAN','GOOD FOR 1 SERVING, PREPARATION TIME IS 5 - 10 MINUTES',30,'images/menu_images/cokezero.jpg',0),(50,5,'COCA COLA ZERO 1 LITER','GOOD FOR 1 SERVING, PREPARATION TIME IS 5 - 10 MINUTES',45,'images/menu_images/cokezero.jpg',0),(51,5,' ROYAL 8oz (237ml)','GOOD FOR 1 SERVING, PREPARATION TIME IS 5 - 10 MINUTES',16,'images/menu_images/royal.jpg',0),(52,5,'ROYAL 12oz (355ml)','GOOD FOR 1 SERVING, PREPARATION TIME IS 5 - 10 MINUTES',20,'images/menu_images/royal.jpg',0),(53,5,'ROYAL in CAN','GOOD FOR 1 SERVING, PREPARATION TIME IS 5 - 10 MINUTES',30,'images/menu_images/royal.jpg',0),(54,5,'ROYAL 1 LITER','GOOD FOR 1 SERVING, PREPARATION TIME IS 5 - 10 MINUTES',45,'images/menu_images/royal.jpg',0),(55,5,'SPRITE  8oz (237ml)','GOOD FOR 1 SERVING, PREPARATION TIME IS 5 - 10 MINUTES',16,'images/menu_images/sprite.jpg',0),(56,5,'SPRITE 12oz (355ml)','GOOD FOR 1 SERVING, PREPARATION TIME IS 5 - 10 MINUTES',20,'images/menu_images/sprite.jpg',0),(57,5,'SPRITE in CAN','GOOD FOR 1 SERVING, PREPARATION TIME IS 5 - 10 MINUTES',30,'images/menu_images/sprite.jpg',0),(58,5,'SPRITE 1 LITER','GOOD FOR 1 SERVING, PREPARATION TIME IS 5 - 10 MINUTES',45,'images/menu_images/sprite.jpg',0),(59,5,'MINUTE MAID','GOOD FOR 1 SERVING, PREPARATION TIME IS 5 - 10 MINUTES',35,'images/menu_images/minutemaid.jpg',0),(60,5,'REAL LEAF','GOOD FOR 1 SERVING, PREPARATION TIME IS 5 - 10 MINUTES',45,'images/menu_images/REALLEAF.jpg',0),(61,5,'PINEAPPLE / PINE ORANGE','GOOD FOR 1 SERVING, PREPARATION TIME IS 5 - 10 MINUTES',40,'images/menu_images/PINEAPPLE.jpg',0),(62,5,'ORANGE / FOUR SEASONS','GOOD FOR 1 SERVING, PREPARATION TIME IS 5 - 10 MINUTES',40,'images/menu_images/FOUR SEASONS.jpg',0),(63,5,'MANGO JUICE','GOOD FOR 1 SERVING, PREPARATION TIME IS 5 - 10 MINUTES',45,'images/menu_images/MANGO JUICE.jpg',0),(64,5,'ICED TEA','GOOD FOR 1 SERVING, PREPARATION TIME IS 5 - 10 MINUTES',30,'images/menu_images/ICED TEA.jpg',0),(65,5,'LEMONADE','GOOD FOR 1 SERVING, PREPARATION TIME IS 5 - 10 MINUTES',30,'images/menu_images/LEMONADE.jpg',0),(66,5,'KALAMANSI JUICE','GOOD FOR 1 SERVING, PREPARATION TIME IS 5 - 10 MINUTES',35,'images/menu_images/KALAMANSI JUICE.jpg',0),(67,5,'FRENCH PRESS COFFEE','GOOD FOR 1 SERVING, PREPARATION TIME IS 5 - 10 MINUTES',60,'images/menu_images/FRENCH PRESS COFFEE.jpg',0),(68,5,'SOLA ICED TEA','GOOD FOR 1 SERVING, PREPARATION TIME IS 5 - 10 MINUTES',50,'images/menu_images/SOLA ICED TEA.jpg',0),(69,5,'STARBUCKS FRAPP SMALL','GOOD FOR 1 SERVING, PREPARATION TIME IS 5 - 10 MINUTES',110,'images/menu_images/STARBUCKS FRAPP SMALL.jpg',0),(70,5,'STARBUCKS FRAPP LARGE','GOOD FOR 1 SERVING, PREPARATION TIME IS 5 - 10 MINUTES',140,'images/menu_images/STARBUCKS FRAPP LARGE.jpg',0),(71,5,'MOGU MOGU','GOOD FOR 1 SERVING, PREPARATION TIME IS 5 - 10 MINUTES',35,'images/menu_images/MOGU MOGU.jpg',0),(72,5,'CHUCKIE','GOOD FOR 1 SERVING, PREPARATION TIME IS 5 - 10 MINUTES',33,'images/menu_images/CHUCKIE.jpg',0),(73,5,'BOTTLED WATER 500ml','GOOD FOR 1 SERVING, PREPARATION TIME IS 5 - 10 MINUTES',20,'images/menu_images/BOTTLED WATER 500ml.jpg',0),(74,6,'PORK PALABOK - SMALL','GOOD FOR 10 SERVINGS, GOOD FOR 20 SERVINGS, PREPARATION TIME IS 15 - 30 MINUTES',450,'images/menu_images/PORK PALABOK.jpg',0),(75,6,'PORK PALABOK - MEDIUM','GOOD FOR 15 SERVINGS, GOOD FOR 20 SERVINGS, PREPARATION TIME IS 15 - 30 MINUTES',600,'images/menu_images/PORK PALABOK.jpg',0),(76,6,'PORK PALABOK - LARGE','GOOD FOR 20 SERVINGS, GOOD FOR 20 SERVINGS, PREPARATION TIME IS 15 - 30 MINUTES',870,'images/menu_images/PORK PALABOK.jpg',0),(77,6,'BEEF PALABOK - SMALL','GOOD FOR 10 SERVINGS, GOOD FOR 20 SERVINGS, PREPARATION TIME IS 15 - 30 MINUTES',500,'images/menu_images/BEEF PALABOK.jpg',0),(78,6,'BEEF PALABOK - MEDIUM','GOOD FOR 15 SERVINGS, GOOD FOR 20 SERVINGS, PREPARATION TIME IS 15 - 30 MINUTES',690,'images/menu_images/BEEF PALABOK.jpg',0),(79,6,'BEEF PALABOK - LARGE','GOOD FOR 20 SERVINGS, GOOD FOR 20 SERVINGS, PREPARATION TIME IS 15 - 30 MINUTES',910,'images/menu_images/BEEF PALABOK.jpg',0),(80,6,'BEEF SPAGHETTI - SMALL','GOOD FOR 10 SERVINGS, GOOD FOR 20 SERVINGS, PREPARATION TIME IS 15 - 30 MINUTES',450,'images/menu_images/BEEF SPAGHETTI.jpg',0),(81,6,'BEEF SPAGHETTI - MEDIUM','GOOD FOR 15 SERVINGS, GOOD FOR 20 SERVINGS, PREPARATION TIME IS 15 - 30 MINUTES',660,'images/menu_images/BEEF SPAGHETTI.jpg',0),(82,6,'BEEF SPAGHETTI - LARGE','GOOD FOR 20 SERVINGS, GOOD FOR 20 SERVINGS, PREPARATION TIME IS 15 - 30 MINUTES',870,'images/menu_images/BEEF SPAGHETTI.jpg',0),(83,6,'BIHON GUISADO - SMALL','GOOD FOR 10 SERVINGS, GOOD FOR 20 SERVINGS, PREPARATION TIME IS 15 - 30 MINUTES',580,'images/menu_images/BIHON GUISADO.jpg',0),(84,6,'BIHON GUISADO - MEDIUM','GOOD FOR 15 SERVINGS, GOOD FOR 20 SERVINGS, PREPARATION TIME IS 15 - 30 MINUTES',810,'images/menu_images/BIHON GUISADO.jpg',0),(85,6,'BIHON GUISADO - LARGE','GOOD FOR 20 SERVINGS, GOOD FOR 20 SERVINGS, PREPARATION TIME IS 15 - 30 MINUTES',1070,'images/menu_images/BIHON GUISADO.jpg',0),(86,6,'PANCIT CANTON - SMALL','GOOD FOR 10 SERVINGS, GOOD FOR 20 SERVINGS, PREPARATION TIME IS 15 - 30 MINUTES',580,'images/menu_images/PANCIT CANTON.jpg',0),(87,6,'PANCIT CANTON - MEDIUM','GOOD FOR 15 SERVINGS, GOOD FOR 20 SERVINGS, PREPARATION TIME IS 15 - 30 MINUTES',850,'images/menu_images/PANCIT CANTON.jpg',0),(88,6,'PANCIT CANTON - LARGE','GOOD FOR 20 SERVINGS, GOOD FOR 20 SERVINGS, PREPARATION TIME IS 15 - 30 MINUTES',1130,'images/menu_images/PANCIT CANTON.jpg',0),(89,6,'SOTANGHON - SMALL','GOOD FOR 10 SERVINGS, GOOD FOR 20 SERVINGS, PREPARATION TIME IS 15 - 30 MINUTES',630,'images/menu_images/SOTANGHON.jpg',0),(90,6,'SOTANGHON - MEDIUM','GOOD FOR 15 SERVINGS, GOOD FOR 20 SERVINGS, PREPARATION TIME IS 15 - 30 MINUTES',930,'images/menu_images/SOTANGHON.jpg',0),(91,6,'SOTANGHON - LARGE','GOOD FOR 20 SERVINGS, GOOD FOR 20 SERVINGS, PREPARATION TIME IS 15 - 30 MINUTES',1230,'images/menu_images/SOTANGHON.jpg',0),(92,6,'BAM - E','GOOD FOR 10 SERVINGS, GOOD FOR 20 SERVINGS, PREPARATION TIME IS 15 - 30 MINUTES',630,'images/menu_images/BAM - E.jpg',0),(93,6,'BAM - E','GOOD FOR 15 SERVINGS, GOOD FOR 20 SERVINGS, PREPARATION TIME IS 15 - 30 MINUTES',930,'images/menu_images/BAM - E.jpg',0),(94,6,'BAM - E','GOOD FOR 20 SERVINGS, GOOD FOR 20 SERVINGS, PREPARATION TIME IS 15 - 30 MINUTES',1230,'images/menu_images/BAM - E.jpg',0),(95,6,'VALENCIANA','GOOD FOR 20 SERVINGS, PREPARATION TIME IS 15 - 30 MINUTES',1250,'images/menu_images/VALENCIANA.jpg',0),(96,7,'Pastries - Oatmeal','GOOD FOR 1 SERVING, PREPARATION TIME IS 5 - 10 MINUTES',72,'images/menu_images/image_not_available.jpg',1),(97,7,'Pastries - Macaroon','GOOD FOR 1 SERVING, PREPARATION TIME IS 5 - 10 MINUTES',55,'images/menu_images/image_not_available.jpg',0),(98,7,'Pastries - Oat Raisin','GOOD FOR 1 SERVING, PREPARATION TIME IS 5 - 10 MINUTES',80,'images/menu_images/image_not_available.jpg',0),(99,7,'Pastries - Choco Chip  ','GOOD FOR 1 SERVING, PREPARATION TIME IS 5 - 10 MINUTES',80,'images/menu_images/image_not_available.jpg',0),(100,7,'Pastries - MM Cookikes','GOOD FOR 1 SERVING, PREPARATION TIME IS 5 - 10 MINUTES',80,'images/menu_images/image_not_available.jpg',0),(101,7,'Pastries - Butterscotch','GOOD FOR 1 SERVING, PREPARATION TIME IS 5 - 10 MINUTES',70,'images/menu_images/image_not_available.jpg',0),(102,7,'Pastries - Mango Bars','GOOD FOR 1 SERVING, PREPARATION TIME IS 5 - 10 MINUTES',75,'images/menu_images/image_not_available.jpg',0),(103,7,'Pastries - Food for the God','GOOD FOR 1 SERVING, PREPARATION TIME IS 5 - 10 MINUTES',70,'images/menu_images/image_not_available.jpg',0),(104,7,'Pastries - Brownie small','GOOD FOR 1 SERVING, PREPARATION TIME IS 5 - 10 MINUTES',45,'images/menu_images/image_not_available.jpg',0),(105,7,'Pastries - Brownie big','GOOD FOR 1 SERVING, PREPARATION TIME IS 5 - 10 MINUTES',245,'images/menu_images/image_not_available.jpg',0),(106,7,'Pastries - Revel Bars','GOOD FOR 1 SERVING, PREPARATION TIME IS 5 - 10 MINUTES',70,'images/menu_images/image_not_available.jpg',0),(107,7,'Pastries - Cheeseroll','GOOD FOR 1 SERVING, PREPARATION TIME IS 5 - 10 MINUTES',10,'images/menu_images/image_not_available.jpg',0),(108,7,'Pastries - Pudding','GOOD FOR 1 SERVING, PREPARATION TIME IS 5 - 10 MINUTES',14,'images/menu_images/image_not_available.jpg',0),(109,7,'Pastries - Meringue','GOOD FOR 1 SERVING, PREPARATION TIME IS 5 - 10 MINUTES',35,'images/menu_images/image_not_available.jpg',0),(110,7,'Pastries - Polvoron','GOOD FOR 1 SERVING, PREPARATION TIME IS 5 - 10 MINUTES',12,'images/menu_images/image_not_available.jpg',0),(111,7,'Cakes Slice - Brazo','GOOD FOR 1 SERVING, PREPARATION TIME IS 5 - 10 MINUTES',35,'images/menu_images/image_not_available.jpg',0),(112,7,'Cakes Slice - Chocolate','GOOD FOR 1 SERVING, PREPARATION TIME IS 5 - 10 MINUTES',45,'images/menu_images/image_not_available.jpg',0),(113,7,'Cakes Slice - Eggpie','GOOD FOR 1 SERVING, PREPARATION TIME IS 5 - 10 MINUTES',35,'images/menu_images/image_not_available.jpg',0),(114,7,'Cakes Slice - Blueberry CC','GOOD FOR 1 SERVING, PREPARATION TIME IS 5 - 10 MINUTES',75,'images/menu_images/image_not_available.jpg',0),(115,7,'Cakes Slice - Red V-CC','GOOD FOR 1 SERVING, PREPARATION TIME IS 5 - 10 MINUTES',75,'images/menu_images/image_not_available.jpg',0),(116,7,'Cakes Slice - Swiss Cake','GOOD FOR 1 SERVING, PREPARATION TIME IS 5 - 10 MINUTES',55,'images/menu_images/image_not_available.jpg',0),(117,7,'Cakes Slice - Red Velvet','GOOD FOR 1 SERVING, PREPARATION TIME IS 5 - 10 MINUTES',60,'images/menu_images/image_not_available.jpg',0),(118,7,'Cakes Slice - Caramel','GOOD FOR 1 SERVING, PREPARATION TIME IS 5 - 10 MINUTES',55,'images/menu_images/image_not_available.jpg',0),(119,7,'Cakes Slice - Crema De Fruta','GOOD FOR 1 SERVING, PREPARATION TIME IS 5 - 10 MINUTES',60,'images/menu_images/image_not_available.jpg',0),(120,7,'Cakes Slice - Sansirval','GOOD FOR 1 SERVING, PREPARATION TIME IS 5 - 10 MINUTES',60,'images/menu_images/image_not_available.jpg',0),(121,7,'Cakes Slice - Leche Flan-mini','GOOD FOR 1 SERVING, PREPARATION TIME IS 5 - 10 MINUTES',30,'images/menu_images/image_not_available.jpg',0),(122,7,'Cakes Slice - Leche Flan-big','GOOD FOR 1 SERVING, PREPARATION TIME IS 5 - 10 MINUTES',150,'images/menu_images/image_not_available.jpg',0),(123,7,'Cakes Slice - Yema squares','GOOD FOR 1 SERVING, PREPARATION TIME IS 5 - 10 MINUTES',20,'images/menu_images/image_not_available.jpg',0),(124,7,'Cakes Slice - Brazo half','GOOD FOR 1 SERVING, PREPARATION TIME IS 5 - 10 MINUTES',200,'images/menu_images/image_not_available.jpg',0),(125,7,'Cakes Slice - Yema Loaf','GOOD FOR 1 SERVING, PREPARATION TIME IS 5 - 10 MINUTES',175,'images/menu_images/image_not_available.jpg',0),(126,7,'Cakes Slice - Blueberry 12\"','GOOD FOR 1 SERVING, PREPARATION TIME IS 5 - 10 MINUTES',900,'images/menu_images/image_not_available.jpg',0),(127,7,'Cakes Slice - Blueberry 8\"','GOOD FOR 1 SERVING, PREPARATION TIME IS 5 - 10 MINUTES',350,'images/menu_images/image_not_available.jpg',0),(128,7,'Cakes Slice - Red Velvet 12\"','GOOD FOR 1 SERVING, PREPARATION TIME IS 5 - 10 MINUTES',900,'images/menu_images/image_not_available.jpg',0),(129,7,'Cakes Slice - Red Velvet 8\"','GOOD FOR 1 SERVING, PREPARATION TIME IS 5 - 10 MINUTES',500,'images/menu_images/image_not_available.jpg',0),(130,7,'Cakes Slice - Choco 8\"','GOOD FOR 1 SERVING, PREPARATION TIME IS 5 - 10 MINUTES',330,'images/menu_images/image_not_available.jpg',0),(131,7,'Cakes Slice - Cassava Delight','GOOD FOR 1 SERVING, PREPARATION TIME IS 5 - 10 MINUTES',50,'images/menu_images/image_not_available.jpg',0),(132,7,'Consignment - Kutchinta','GOOD FOR 1 SERVING, PREPARATION TIME IS 5 - 10 MINUTES',10,'images/menu_images/image_not_available.jpg',0),(133,7,'Consignment - Pichi','GOOD FOR 1 SERVING, PREPARATION TIME IS 5 - 10 MINUTES',10,'images/menu_images/image_not_available.jpg',0),(134,7,'Consignment - Riza-fresh Lumpia','GOOD FOR 1 SERVING, PREPARATION TIME IS 5 - 10 MINUTES',15,'images/menu_images/image_not_available.jpg',0),(135,7,'Consignment - Cheese Bar','GOOD FOR 1 SERVING, PREPARATION TIME IS 5 - 10 MINUTES',12,'images/menu_images/image_not_available.jpg',0),(136,7,'Consignment - Chicharon-Pork','GOOD FOR 1 SERVING, PREPARATION TIME IS 5 - 10 MINUTES',60,'images/menu_images/image_not_available.jpg',0),(137,7,'Consignment - Banana Chips - sml','GOOD FOR 1 SERVING, PREPARATION TIME IS 5 - 10 MINUTES',20,'images/menu_images/image_not_available.jpg',0),(138,7,'Consignment - Banana Chips - big','GOOD FOR 1 SERVING, PREPARATION TIME IS 5 - 10 MINUTES',60,'images/menu_images/image_not_available.jpg',0),(139,7,'Consignment - Cassava Chips','GOOD FOR 1 SERVING, PREPARATION TIME IS 5 - 10 MINUTES',50,'images/menu_images/image_not_available.jpg',0),(140,7,'Biscuits - Ugoy-ugoy','GOOD FOR 1 SERVING, PREPARATION TIME IS 5 - 10 MINUTES',36,'images/menu_images/image_not_available.jpg',0),(141,7,'Biscuits - Garlic Stick','GOOD FOR 1 SERVING, PREPARATION TIME IS 5 - 10 MINUTES',36,'images/menu_images/image_not_available.jpg',0),(142,7,'Biscuits - Patatas','GOOD FOR 1 SERVING, PREPARATION TIME IS 5 - 10 MINUTES',36,'images/menu_images/image_not_available.jpg',0),(143,7,'Biscuits - Paborita','GOOD FOR 1 SERVING, PREPARATION TIME IS 5 - 10 MINUTES',36,'images/menu_images/image_not_available.jpg',0),(144,7,'Biscuits - Masa Podreda','GOOD FOR 1 SERVING, PREPARATION TIME IS 5 - 10 MINUTES',24,'images/menu_images/image_not_available.jpg',0),(145,7,'Biscuits - Pulseras','GOOD FOR 1 SERVING, PREPARATION TIME IS 5 - 10 MINUTES',36,'images/menu_images/image_not_available.jpg',0),(146,7,'Biscuits - Breadstick','GOOD FOR 1 SERVING, PREPARATION TIME IS 5 - 10 MINUTES',45,'images/menu_images/image_not_available.jpg',0),(147,7,'Biscuits - Toasted Cake','GOOD FOR 1 SERVING, PREPARATION TIME IS 5 - 10 MINUTES',55,'images/menu_images/image_not_available.jpg',0),(148,7,'Biscuits - Serafina - sml','GOOD FOR 1 SERVING, PREPARATION TIME IS 5 - 10 MINUTES',45,'images/menu_images/image_not_available.jpg',0),(149,7,'Biscuits - Serafina - big','GOOD FOR 1 SERVING, PREPARATION TIME IS 5 - 10 MINUTES',45,'images/menu_images/image_not_available.jpg',0),(150,7,' Pasta/Snack - MAcaroni Salad','GOOD FOR 1 SERVING, PREPARATION TIME IS 5 - 10 MINUTES',55,'images/menu_images/image_not_available.jpg',0),(151,7,'Pasta/Snack - Baked Mac','GOOD FOR 1 SERVING, PREPARATION TIME IS 5 - 10 MINUTES',75,'images/menu_images/image_not_available.jpg',0),(152,7,'Pasta/Snack - Puto-Piece','GOOD FOR 1 SERVING, PREPARATION TIME IS 5 - 10 MINUTES',7,'images/menu_images/image_not_available.jpg',0),(153,7,'Pasta/Snack - Puto-SQ','GOOD FOR 1 SERVING, PREPARATION TIME IS 5 - 10 MINUTES',42,'images/menu_images/image_not_available.jpg',0),(154,7,'Pasta/Snack - Puto-REC','GOOD FOR 1 SERVING, PREPARATION TIME IS 5 - 10 MINUTES',70,'images/menu_images/image_not_available.jpg',0),(155,7,'Pasta/Snack - Siopao J-Asado','GOOD FOR 1 SERVING, PREPARATION TIME IS 5 - 10 MINUTES',32,'images/menu_images/image_not_available.jpg',0),(156,7,'Pasta/Snack - Siopao J-Chix','GOOD FOR 1 SERVING, PREPARATION TIME IS 5 - 10 MINUTES',32,'images/menu_images/image_not_available.jpg',0),(157,7,'Pasta/Snack - Siopao Mini Asado','GOOD FOR 1 SERVING, PREPARATION TIME IS 5 - 10 MINUTES',10,'images/menu_images/image_not_available.jpg',0),(158,7,'Candies - Tootsie Roll','GOOD FOR 1 SERVING, PREPARATION TIME IS 5 - 10 MINUTES',14,'images/menu_images/image_not_available.jpg',0),(159,7,'Candies - Chupachups','GOOD FOR 1 SERVING, PREPARATION TIME IS 5 - 10 MINUTES',15,'images/menu_images/image_not_available.jpg',0),(160,7,'Candies - Ovalteen','GOOD FOR 1 SERVING, PREPARATION TIME IS 5 - 10 MINUTES',8,'images/menu_images/image_not_available.jpg',0),(161,7,'Candies - Kitkat','GOOD FOR 1 SERVING, PREPARATION TIME IS 5 - 10 MINUTES',15,'images/menu_images/image_not_available.jpg',0),(162,7,'Candies - Cadbury','GOOD FOR 1 SERVING, PREPARATION TIME IS 5 - 10 MINUTES',10,'images/menu_images/image_not_available.jpg',0),(163,7,'Candies - Popping Candy','GOOD FOR 1 SERVING, PREPARATION TIME IS 5 - 10 MINUTES',2,'images/menu_images/image_not_available.jpg',0),(164,7,'Candies - Mentos','GOOD FOR 1 SERVING, PREPARATION TIME IS 5 - 10 MINUTES',5,'images/menu_images/image_not_available.jpg',0),(165,7,'Candies - Nerds','GOOD FOR 1 SERVING, PREPARATION TIME IS 5 - 10 MINUTES',15,'images/menu_images/image_not_available.jpg',0),(166,7,'Candies - Orange Swit','GOOD FOR 1 SERVING, PREPARATION TIME IS 5 - 10 MINUTES',8,'images/menu_images/image_not_available.jpg',0),(167,7,'Candies - Trolli','GOOD FOR 1 SERVING, PREPARATION TIME IS 5 - 10 MINUTES',14,'images/menu_images/image_not_available.jpg',0),(168,7,'Candies - White Rabbit','GOOD FOR 1 SERVING, PREPARATION TIME IS 5 - 10 MINUTES',5,'images/menu_images/image_not_available.jpg',0);

/*Table structure for table `order_table` */

DROP TABLE IF EXISTS `order_table`;

CREATE TABLE `order_table` (
  `orderid` int(6) NOT NULL AUTO_INCREMENT,
  `customerid` int(6) DEFAULT NULL,
  `orderdate` datetime DEFAULT NULL,
  `datetimeofpickup` datetime DEFAULT NULL,
  `isapproved` tinyint(1) DEFAULT NULL,
  `userid` int(6) DEFAULT NULL,
  `ordertype` tinyint(1) DEFAULT NULL,
  `isseen` tinyint(1) DEFAULT '0',
  `isseenbycusomter` tinyint(1) DEFAULT '0',
  `isnew` tinyint(1) DEFAULT '0',
  `isdeleted` tinyint(1) DEFAULT '0',
  PRIMARY KEY (`orderid`),
  KEY `qqwq` (`userid`),
  KEY `FK_order_table_from_order_table` (`customerid`),
  CONSTRAINT `FK_order_table_from_order_table` FOREIGN KEY (`customerid`) REFERENCES `customer_table` (`customerid`) ON DELETE SET NULL ON UPDATE CASCADE,
  CONSTRAINT `qqwq` FOREIGN KEY (`userid`) REFERENCES `user_table` (`userid`) ON DELETE SET NULL ON UPDATE CASCADE
) ENGINE=InnoDB AUTO_INCREMENT=63 DEFAULT CHARSET=utf8;

/*Data for the table `order_table` */

insert  into `order_table`(`orderid`,`customerid`,`orderdate`,`datetimeofpickup`,`isapproved`,`userid`,`ordertype`,`isseen`,`isseenbycusomter`,`isnew`,`isdeleted`) values (47,2,'2017-09-24 15:53:38','2017-09-25 08:00:00',1,1,2,1,1,1,0),(48,2,'2017-09-28 16:06:54','2017-09-28 16:30:00',6,1,1,1,1,1,0),(49,2,'2017-09-28 16:13:12','2017-09-28 16:30:00',2,NULL,1,0,1,1,0),(50,2,'2017-09-28 21:47:34','2017-09-29 08:00:00',1,1,2,1,1,1,0),(51,2,'2017-09-29 13:15:41','2017-09-29 13:30:00',0,NULL,1,0,0,1,1),(52,2,'2017-09-29 13:49:52','2017-09-29 14:00:00',0,NULL,1,0,0,1,1),(53,2,'2017-10-01 16:32:13','2017-10-01 17:00:00',0,NULL,1,0,0,1,0),(54,2,'2017-10-01 16:47:41','2017-10-01 17:00:00',3,1,1,1,1,1,0),(55,2,'2017-10-02 08:48:17','2017-10-02 09:00:00',1,1,1,1,1,1,0),(56,2,'2017-10-02 09:09:57','2017-10-02 09:30:00',3,1,1,1,1,1,0),(57,2,'2017-10-02 09:21:11','2017-10-02 10:00:00',0,NULL,1,0,0,1,0),(58,2,'2017-10-01 10:06:07','2017-10-01 10:30:00',1,NULL,1,1,1,1,0),(59,2,'2017-10-01 10:06:29','2017-10-01 10:30:00',0,NULL,1,0,0,1,0),(60,2,'2017-10-01 10:06:46','2017-10-01 16:30:00',5,NULL,1,1,1,1,0),(61,2,'2017-10-02 11:24:17','2017-10-02 12:00:00',3,1,1,1,1,1,0),(62,2,'2017-10-02 12:12:50','2017-10-02 12:30:00',0,NULL,1,0,0,1,0);

/*Table structure for table `review_conversation_table` */

DROP TABLE IF EXISTS `review_conversation_table`;

CREATE TABLE `review_conversation_table` (
  `messageid` int(6) NOT NULL AUTO_INCREMENT,
  `reviewid` int(6) DEFAULT NULL,
  `datetime` datetime DEFAULT NULL,
  `message` text,
  `customerid` int(6) DEFAULT NULL,
  `userid` int(6) DEFAULT NULL,
  PRIMARY KEY (`messageid`),
  KEY `FK_review_conversation_table` (`reviewid`),
  KEY `FK_review_conversation_table1` (`customerid`),
  KEY `FK_review_conversation_table2` (`userid`),
  CONSTRAINT `FK_review_conversation_table` FOREIGN KEY (`reviewid`) REFERENCES `review_table` (`reviewid`),
  CONSTRAINT `FK_review_conversation_table1` FOREIGN KEY (`customerid`) REFERENCES `customer_table` (`customerid`),
  CONSTRAINT `FK_review_conversation_table2` FOREIGN KEY (`userid`) REFERENCES `user_table` (`userid`)
) ENGINE=InnoDB AUTO_INCREMENT=7 DEFAULT CHARSET=utf8;

/*Data for the table `review_conversation_table` */

insert  into `review_conversation_table`(`messageid`,`reviewid`,`datetime`,`message`,`customerid`,`userid`) values (2,1,'2017-09-28 14:36:56','test',2,NULL),(4,1,'2017-09-28 15:46:50','asdasd',NULL,1),(5,1,'2017-09-28 15:47:08','asdasd',NULL,1),(6,1,'2017-09-28 15:48:40','teetet',2,NULL);

/*Table structure for table `review_table` */

DROP TABLE IF EXISTS `review_table`;

CREATE TABLE `review_table` (
  `reviewid` int(6) NOT NULL AUTO_INCREMENT,
  `reviewtitle` varchar(300) DEFAULT NULL,
  `reviewdate` date DEFAULT NULL,
  `comment` text,
  `customerid` int(6) DEFAULT NULL,
  PRIMARY KEY (`reviewid`),
  KEY `FK_review_table` (`customerid`),
  CONSTRAINT `FK_review_table` FOREIGN KEY (`customerid`) REFERENCES `customer_table` (`customerid`)
) ENGINE=InnoDB AUTO_INCREMENT=6 DEFAULT CHARSET=utf8;

/*Data for the table `review_table` */

insert  into `review_table`(`reviewid`,`reviewtitle`,`reviewdate`,`comment`,`customerid`) values (1,'hindi masarap ang halo halo','2017-08-21','kung nalaman ko lang na hindi edi masrap sana hindi na ako bumili',2),(2,'asd','2017-09-09','asdasdddd',2),(3,'x','2017-09-09','x',2),(4,'oct 2 review','2017-10-02','this is my review',2),(5,'oct1','2017-10-01','oct1 ni nga review',2);

/*Table structure for table `user_table` */

DROP TABLE IF EXISTS `user_table`;

CREATE TABLE `user_table` (
  `userid` int(6) NOT NULL AUTO_INCREMENT,
  `firstname` varchar(60) DEFAULT NULL,
  `middlename` varchar(60) DEFAULT NULL,
  `lastname` varchar(60) DEFAULT NULL,
  `username` varchar(60) DEFAULT NULL,
  `password` varchar(60) DEFAULT NULL,
  `userlevel` tinyint(1) DEFAULT NULL,
  `isdeleted` tinyint(1) DEFAULT '0',
  PRIMARY KEY (`userid`)
) ENGINE=InnoDB AUTO_INCREMENT=38 DEFAULT CHARSET=utf8;

/*Data for the table `user_table` */

insert  into `user_table`(`userid`,`firstname`,`middlename`,`lastname`,`username`,`password`,`userlevel`,`isdeleted`) values (1,'Mary Cris','D.','Tuvilla','admin','21232f297a57a5a743894a0e4a801fc3',1,0),(31,'Cheryll','Castro','Jadraque','secretary','889b2b111b4bc3adb722f0fcff480901',2,0),(32,'x','x','x','x','9dd4e461268c8034f5c8564e155c67a6',2,0),(36,'sdasd','asdaasd','asdads','asdas','37138c230410ae3e5c18f455ed1b5e20',1,0),(37,'asd','asd','asd','xxasdasd','cce492688e30ea1eeaaa637df7e44eed',1,0);

/*Table structure for table `cart_items_view` */

DROP TABLE IF EXISTS `cart_items_view`;

/*!50001 DROP VIEW IF EXISTS `cart_items_view` */;
/*!50001 DROP TABLE IF EXISTS `cart_items_view` */;

/*!50001 CREATE TABLE  `cart_items_view`(
 `cartitemsid` int(6) ,
 `orderid` int(6) ,
 `menuitemid` int(6) ,
 `quantity` int(6) ,
 `price` int(6) ,
 `specialinstruction` text ,
 `menucategoryid` int(6) ,
 `menuitemname` varchar(60) ,
 `menuitemdescription` text ,
 `imagelocation` varchar(300) ,
 `customerid` int(6) ,
 `orderdate` datetime ,
 `datetimeofpickup` datetime ,
 `isapproved` tinyint(1) ,
 `userid` int(6) ,
 `subtotal` bigint(21) 
)*/;

/*Table structure for table `customer_view` */

DROP TABLE IF EXISTS `customer_view`;

/*!50001 DROP VIEW IF EXISTS `customer_view` */;
/*!50001 DROP TABLE IF EXISTS `customer_view` */;

/*!50001 CREATE TABLE  `customer_view`(
 `customerid` int(6) ,
 `firstname` varchar(60) ,
 `middlename` varchar(60) ,
 `lastname` varchar(60) ,
 `address` varchar(200) ,
 `emailaddress` varchar(60) ,
 `contactnumber` varchar(60) ,
 `username` varchar(60) ,
 `password` varchar(60) ,
 `isdeleted` tinyint(1) ,
 `isactivated` tinyint(1) ,
 `fullname` varchar(182) 
)*/;

/*Table structure for table `goodies_inventory_view` */

DROP TABLE IF EXISTS `goodies_inventory_view`;

/*!50001 DROP VIEW IF EXISTS `goodies_inventory_view` */;
/*!50001 DROP TABLE IF EXISTS `goodies_inventory_view` */;

/*!50001 CREATE TABLE  `goodies_inventory_view`(
 `inventoryid` int(6) ,
 `menuitemid` int(6) ,
 `beg` int(6) ,
 `del` int(6) ,
 `end` int(6) ,
 `date` date ,
 `menuitemname` varchar(60) 
)*/;

/*Table structure for table `goodies_quantity_sold_view` */

DROP TABLE IF EXISTS `goodies_quantity_sold_view`;

/*!50001 DROP VIEW IF EXISTS `goodies_quantity_sold_view` */;
/*!50001 DROP TABLE IF EXISTS `goodies_quantity_sold_view` */;

/*!50001 CREATE TABLE  `goodies_quantity_sold_view`(
 `cartitemsid` int(6) ,
 `menuitemid` int(6) ,
 `quantity` int(6) ,
 `orderdate` datetime ,
 `sold` decimal(32,0) 
)*/;

/*Table structure for table `list_of_senior_citizen_view` */

DROP TABLE IF EXISTS `list_of_senior_citizen_view`;

/*!50001 DROP VIEW IF EXISTS `list_of_senior_citizen_view` */;
/*!50001 DROP TABLE IF EXISTS `list_of_senior_citizen_view` */;

/*!50001 CREATE TABLE  `list_of_senior_citizen_view`(
 `customerid` int(6) ,
 `birthdate` date ,
 `age` bigint(21) 
)*/;

/*Table structure for table `menu_item_list_view` */

DROP TABLE IF EXISTS `menu_item_list_view`;

/*!50001 DROP VIEW IF EXISTS `menu_item_list_view` */;
/*!50001 DROP TABLE IF EXISTS `menu_item_list_view` */;

/*!50001 CREATE TABLE  `menu_item_list_view`(
 `menuitemid` int(6) ,
 `menucategoryid` int(6) ,
 `menuitemname` varchar(60) ,
 `price` double ,
 `menuitemdescription` text ,
 `isavailable` tinyint(1) ,
 `imagelocation` varchar(300) ,
 `menucategoryname` varchar(60) 
)*/;

/*Table structure for table `order_view` */

DROP TABLE IF EXISTS `order_view`;

/*!50001 DROP VIEW IF EXISTS `order_view` */;
/*!50001 DROP TABLE IF EXISTS `order_view` */;

/*!50001 CREATE TABLE  `order_view`(
 `orderid` int(6) ,
 `customerid` int(6) ,
 `orderdate` datetime ,
 `datetimeofpickup` datetime ,
 `isapproved` tinyint(1) ,
 `userid` int(6) ,
 `ordertype` tinyint(1) ,
 `isseen` tinyint(1) ,
 `isnew` tinyint(1) ,
 `isseenbycusomter` tinyint(1) ,
 `isdeleted` tinyint(1) ,
 `firstname` varchar(60) ,
 `middlename` varchar(60) ,
 `lastname` varchar(60) ,
 `customerfullname` varchar(182) 
)*/;

/*Table structure for table `review_view` */

DROP TABLE IF EXISTS `review_view`;

/*!50001 DROP VIEW IF EXISTS `review_view` */;
/*!50001 DROP TABLE IF EXISTS `review_view` */;

/*!50001 CREATE TABLE  `review_view`(
 `reviewid` int(6) ,
 `reviewtitle` varchar(300) ,
 `reviewdate` date ,
 `comment` text ,
 `customerid` int(6) ,
 `fullname` varchar(182) 
)*/;

/*Table structure for table `user_view` */

DROP TABLE IF EXISTS `user_view`;

/*!50001 DROP VIEW IF EXISTS `user_view` */;
/*!50001 DROP TABLE IF EXISTS `user_view` */;

/*!50001 CREATE TABLE  `user_view`(
 `userid` int(6) ,
 `firstname` varchar(60) ,
 `middlename` varchar(60) ,
 `lastname` varchar(60) ,
 `username` varchar(60) ,
 `password` varchar(60) ,
 `userlevel` tinyint(1) ,
 `isdeleted` tinyint(1) ,
 `fullname` varchar(182) 
)*/;

/*View structure for view cart_items_view */

/*!50001 DROP TABLE IF EXISTS `cart_items_view` */;
/*!50001 DROP VIEW IF EXISTS `cart_items_view` */;

/*!50001 CREATE ALGORITHM=UNDEFINED DEFINER=`root`@`localhost` SQL SECURITY DEFINER VIEW `cart_items_view` AS select `cart_item_table`.`cartitemsid` AS `cartitemsid`,`cart_item_table`.`orderid` AS `orderid`,`cart_item_table`.`menuitemid` AS `menuitemid`,`cart_item_table`.`quantity` AS `quantity`,`cart_item_table`.`price` AS `price`,`cart_item_table`.`specialinstruction` AS `specialinstruction`,`menu_item_table`.`menucategoryid` AS `menucategoryid`,`menu_item_table`.`menuitemname` AS `menuitemname`,`menu_item_table`.`menuitemdescription` AS `menuitemdescription`,`menu_item_table`.`imagelocation` AS `imagelocation`,`order_table`.`customerid` AS `customerid`,`order_table`.`orderdate` AS `orderdate`,`order_table`.`datetimeofpickup` AS `datetimeofpickup`,`order_table`.`isapproved` AS `isapproved`,`order_table`.`userid` AS `userid`,(`cart_item_table`.`price` * `cart_item_table`.`quantity`) AS `subtotal` from ((`cart_item_table` join `menu_item_table` on((`cart_item_table`.`menuitemid` = `menu_item_table`.`menuitemid`))) join `order_table` on((`cart_item_table`.`orderid` = `order_table`.`orderid`))) */;

/*View structure for view customer_view */

/*!50001 DROP TABLE IF EXISTS `customer_view` */;
/*!50001 DROP VIEW IF EXISTS `customer_view` */;

/*!50001 CREATE ALGORITHM=UNDEFINED DEFINER=`root`@`localhost` SQL SECURITY DEFINER VIEW `customer_view` AS select `customer_table`.`customerid` AS `customerid`,`customer_table`.`firstname` AS `firstname`,`customer_table`.`middlename` AS `middlename`,`customer_table`.`lastname` AS `lastname`,`customer_table`.`address` AS `address`,`customer_table`.`emailaddress` AS `emailaddress`,`customer_table`.`contactnumber` AS `contactnumber`,`customer_table`.`username` AS `username`,`customer_table`.`password` AS `password`,`customer_table`.`isdeleted` AS `isdeleted`,`customer_table`.`isactivated` AS `isactivated`,concat(`customer_table`.`firstname`,' ',`customer_table`.`middlename`,' ',`customer_table`.`lastname`) AS `fullname` from `customer_table` */;

/*View structure for view goodies_inventory_view */

/*!50001 DROP TABLE IF EXISTS `goodies_inventory_view` */;
/*!50001 DROP VIEW IF EXISTS `goodies_inventory_view` */;

/*!50001 CREATE ALGORITHM=UNDEFINED DEFINER=`root`@`localhost` SQL SECURITY DEFINER VIEW `goodies_inventory_view` AS select `goodies_inventory_table`.`inventoryid` AS `inventoryid`,`goodies_inventory_table`.`menuitemid` AS `menuitemid`,`goodies_inventory_table`.`beg` AS `beg`,`goodies_inventory_table`.`del` AS `del`,`goodies_inventory_table`.`end` AS `end`,`goodies_inventory_table`.`date` AS `date`,`menu_item_table`.`menuitemname` AS `menuitemname` from (`goodies_inventory_table` join `menu_item_table` on((`goodies_inventory_table`.`menuitemid` = `menu_item_table`.`menuitemid`))) */;

/*View structure for view goodies_quantity_sold_view */

/*!50001 DROP TABLE IF EXISTS `goodies_quantity_sold_view` */;
/*!50001 DROP VIEW IF EXISTS `goodies_quantity_sold_view` */;

/*!50001 CREATE ALGORITHM=UNDEFINED DEFINER=`root`@`localhost` SQL SECURITY DEFINER VIEW `goodies_quantity_sold_view` AS select `cart_item_table`.`cartitemsid` AS `cartitemsid`,`cart_item_table`.`menuitemid` AS `menuitemid`,`cart_item_table`.`quantity` AS `quantity`,`order_table`.`orderdate` AS `orderdate`,sum(`cart_item_table`.`quantity`) AS `sold` from (`cart_item_table` join `order_table` on((`cart_item_table`.`orderid` = `order_table`.`orderid`))) where ((`order_table`.`isapproved` <> 0) or (`order_table`.`isapproved` <> 2)) group by `cart_item_table`.`menuitemid` */;

/*View structure for view list_of_senior_citizen_view */

/*!50001 DROP TABLE IF EXISTS `list_of_senior_citizen_view` */;
/*!50001 DROP VIEW IF EXISTS `list_of_senior_citizen_view` */;

/*!50001 CREATE ALGORITHM=UNDEFINED DEFINER=`root`@`localhost` SQL SECURITY DEFINER VIEW `list_of_senior_citizen_view` AS select `customer_table`.`customerid` AS `customerid`,`customer_table`.`birthdate` AS `birthdate`,timestampdiff(YEAR,`customer_table`.`birthdate`,curdate()) AS `age` from `customer_table` having (`age` > 59) */;

/*View structure for view menu_item_list_view */

/*!50001 DROP TABLE IF EXISTS `menu_item_list_view` */;
/*!50001 DROP VIEW IF EXISTS `menu_item_list_view` */;

/*!50001 CREATE ALGORITHM=UNDEFINED DEFINER=`root`@`localhost` SQL SECURITY DEFINER VIEW `menu_item_list_view` AS select `menu_item_table`.`menuitemid` AS `menuitemid`,`menu_item_table`.`menucategoryid` AS `menucategoryid`,`menu_item_table`.`menuitemname` AS `menuitemname`,`menu_item_table`.`price` AS `price`,`menu_item_table`.`menuitemdescription` AS `menuitemdescription`,`menu_item_table`.`isavailable` AS `isavailable`,`menu_item_table`.`imagelocation` AS `imagelocation`,`menu_category_table`.`menucategoryname` AS `menucategoryname` from (`menu_category_table` join `menu_item_table` on((`menu_category_table`.`menucategoryid` = `menu_item_table`.`menucategoryid`))) */;

/*View structure for view order_view */

/*!50001 DROP TABLE IF EXISTS `order_view` */;
/*!50001 DROP VIEW IF EXISTS `order_view` */;

/*!50001 CREATE ALGORITHM=UNDEFINED DEFINER=`root`@`localhost` SQL SECURITY DEFINER VIEW `order_view` AS select `order_table`.`orderid` AS `orderid`,`order_table`.`customerid` AS `customerid`,`order_table`.`orderdate` AS `orderdate`,`order_table`.`datetimeofpickup` AS `datetimeofpickup`,`order_table`.`isapproved` AS `isapproved`,`order_table`.`userid` AS `userid`,`order_table`.`ordertype` AS `ordertype`,`order_table`.`isseen` AS `isseen`,`order_table`.`isnew` AS `isnew`,`order_table`.`isseenbycusomter` AS `isseenbycusomter`,`order_table`.`isdeleted` AS `isdeleted`,`customer_table`.`firstname` AS `firstname`,`customer_table`.`middlename` AS `middlename`,`customer_table`.`lastname` AS `lastname`,concat(`customer_table`.`firstname`,' ',`customer_table`.`middlename`,' ',`customer_table`.`lastname`) AS `customerfullname` from (`order_table` join `customer_table` on((`order_table`.`customerid` = `customer_table`.`customerid`))) */;

/*View structure for view review_view */

/*!50001 DROP TABLE IF EXISTS `review_view` */;
/*!50001 DROP VIEW IF EXISTS `review_view` */;

/*!50001 CREATE ALGORITHM=UNDEFINED DEFINER=`root`@`localhost` SQL SECURITY DEFINER VIEW `review_view` AS select `review_table`.`reviewid` AS `reviewid`,`review_table`.`reviewtitle` AS `reviewtitle`,`review_table`.`reviewdate` AS `reviewdate`,`review_table`.`comment` AS `comment`,`review_table`.`customerid` AS `customerid`,concat(`customer_table`.`firstname`,' ',`customer_table`.`middlename`,' ',`customer_table`.`lastname`) AS `fullname` from (`review_table` join `customer_table` on((`review_table`.`customerid` = `customer_table`.`customerid`))) */;

/*View structure for view user_view */

/*!50001 DROP TABLE IF EXISTS `user_view` */;
/*!50001 DROP VIEW IF EXISTS `user_view` */;

/*!50001 CREATE ALGORITHM=UNDEFINED DEFINER=`root`@`localhost` SQL SECURITY DEFINER VIEW `user_view` AS (select `user_table`.`userid` AS `userid`,`user_table`.`firstname` AS `firstname`,`user_table`.`middlename` AS `middlename`,`user_table`.`lastname` AS `lastname`,`user_table`.`username` AS `username`,`user_table`.`password` AS `password`,`user_table`.`userlevel` AS `userlevel`,`user_table`.`isdeleted` AS `isdeleted`,concat(`user_table`.`firstname`,' ',`user_table`.`middlename`,' ',`user_table`.`lastname`) AS `fullname` from `user_table`) */;

/*!40101 SET SQL_MODE=@OLD_SQL_MODE */;
/*!40014 SET FOREIGN_KEY_CHECKS=@OLD_FOREIGN_KEY_CHECKS */;
/*!40014 SET UNIQUE_CHECKS=@OLD_UNIQUE_CHECKS */;
/*!40111 SET SQL_NOTES=@OLD_SQL_NOTES */;
