-- MySQL dump 10.13  Distrib 5.6.36, for Linux (x86_64)
--
-- Host: localhost    Database: stidb
-- ------------------------------------------------------
-- Server version	5.6.36-cll-lve

/*!40101 SET @OLD_CHARACTER_SET_CLIENT=@@CHARACTER_SET_CLIENT */;
/*!40101 SET @OLD_CHARACTER_SET_RESULTS=@@CHARACTER_SET_RESULTS */;
/*!40101 SET @OLD_COLLATION_CONNECTION=@@COLLATION_CONNECTION */;
/*!40101 SET NAMES utf8 */;
/*!40103 SET @OLD_TIME_ZONE=@@TIME_ZONE */;
/*!40103 SET TIME_ZONE='+00:00' */;
/*!40014 SET @OLD_UNIQUE_CHECKS=@@UNIQUE_CHECKS, UNIQUE_CHECKS=0 */;
/*!40014 SET @OLD_FOREIGN_KEY_CHECKS=@@FOREIGN_KEY_CHECKS, FOREIGN_KEY_CHECKS=0 */;
/*!40101 SET @OLD_SQL_MODE=@@SQL_MODE, SQL_MODE='NO_AUTO_VALUE_ON_ZERO' */;
/*!40111 SET @OLD_SQL_NOTES=@@SQL_NOTES, SQL_NOTES=0 */;

--
-- Table structure for table `cart_item_table`
--

DROP TABLE IF EXISTS `cart_item_table`;
/*!40101 SET @saved_cs_client     = @@character_set_client */;
/*!40101 SET character_set_client = utf8 */;
CREATE TABLE `cart_item_table` (
  `cartitemsid` int(6) NOT NULL AUTO_INCREMENT,
  `orderid` int(6) DEFAULT NULL,
  `menuitemid` int(6) DEFAULT NULL,
  `quantity` int(6) DEFAULT NULL,
  `price` int(6) DEFAULT NULL,
  `specialinstruction` text,
  PRIMARY KEY (`cartitemsid`),
  KEY `FK_cart_item_table1` (`menuitemid`),
  KEY `FK_cart_item_table2` (`orderid`),
  CONSTRAINT `FK_cart_item_table1` FOREIGN KEY (`menuitemid`) REFERENCES `menu_item_table` (`menuitemid`) ON DELETE CASCADE ON UPDATE CASCADE,
  CONSTRAINT `FK_cart_item_tabletoordertable` FOREIGN KEY (`orderid`) REFERENCES `order_table` (`orderid`) ON DELETE SET NULL
) ENGINE=InnoDB AUTO_INCREMENT=127 DEFAULT CHARSET=utf8;
/*!40101 SET character_set_client = @saved_cs_client */;

--
-- Dumping data for table `cart_item_table`
--

LOCK TABLES `cart_item_table` WRITE;
/*!40000 ALTER TABLE `cart_item_table` DISABLE KEYS */;
INSERT INTO `cart_item_table` VALUES (52,29,3,20,55,''),(53,30,10,2,48,'asdasda'),(54,31,3,1,55,''),(55,31,75,2,600,'asd'),(56,32,2,1,50,''),(57,32,45,1,30,''),(58,32,80,1,450,''),(59,33,9,1,48,''),(60,35,6,1,20,''),(61,36,6,1,20,''),(62,37,3,1,55,''),(63,38,4,1,75,''),(64,39,2,1,50,''),(65,40,17,1,70,''),(66,40,16,1,50,''),(67,41,2,1,50,''),(68,42,2,1,50,''),(69,43,2,1,50,''),(70,43,2,1,50,''),(71,43,2,1,50,''),(72,43,18,1,70,''),(73,43,16,1,50,''),(74,43,16,1,50,''),(75,43,2,1,50,''),(76,44,3,1,55,''),(77,45,3,1,55,''),(78,46,4,1,75,''),(79,47,6,1,20,''),(80,48,10,1,48,''),(81,NULL,9,2147483647,48,''),(82,50,4,1,75,''),(83,51,14,10,35,''),(84,51,7,10,60,''),(85,52,7,10,60,''),(86,52,14,10,35,'add cheese'),(87,53,7,10,60,'add cheese'),(88,53,14,10,35,'add cheese'),(89,54,26,5,75,''),(90,54,81,2,660,''),(91,55,98,10,80,'deliver 1pm'),(92,56,91,1,1230,''),(93,56,39,15,65,''),(94,57,2,1,50,''),(95,58,2,2,50,''),(96,59,2,10,50,'wag lagyan ng molo'),(97,60,99,1,80,''),(98,61,2,1,50,''),(99,62,3,1,55,''),(100,63,7,3,60,''),(101,63,12,5,17,''),(102,63,39,1,65,''),(103,63,56,1,20,''),(104,64,16,1,50,''),(105,64,18,1,70,''),(106,64,99,1,80,''),(107,65,74,1,450,''),(108,66,7,1,60,''),(109,66,12,5,17,'\r\n'),(110,67,8,10,75,'cheese pa more'),(111,68,4,1,75,''),(112,68,5,1,70,''),(113,69,12,1,17,''),(114,70,97,6,55,''),(115,71,2,1,50,''),(116,72,7,1,60,''),(117,73,39,1,65,''),(118,74,14,1,35,''),(119,75,3,1,55,''),(120,75,4,1,75,''),(121,76,4,1,75,''),(122,76,63,1,45,''),(123,77,11,1,53,''),(124,77,109,1,35,''),(125,78,76,1,870,''),(126,78,85,1,1070,'');
/*!40000 ALTER TABLE `cart_item_table` ENABLE KEYS */;
UNLOCK TABLES;

--
-- Table structure for table `cart_table`
--

DROP TABLE IF EXISTS `cart_table`;
/*!40101 SET @saved_cs_client     = @@character_set_client */;
/*!40101 SET character_set_client = utf8 */;
CREATE TABLE `cart_table` (
  `cartid` int(6) NOT NULL AUTO_INCREMENT,
  `orderid` int(6) DEFAULT NULL,
  PRIMARY KEY (`cartid`),
  KEY `FK_cart_table` (`orderid`),
  CONSTRAINT `FK_cart_table` FOREIGN KEY (`orderid`) REFERENCES `order_table` (`orderid`) ON DELETE CASCADE ON UPDATE CASCADE
) ENGINE=InnoDB AUTO_INCREMENT=17 DEFAULT CHARSET=utf8;
/*!40101 SET character_set_client = @saved_cs_client */;

--
-- Dumping data for table `cart_table`
--

LOCK TABLES `cart_table` WRITE;
/*!40000 ALTER TABLE `cart_table` DISABLE KEYS */;
INSERT INTO `cart_table` VALUES (6,7),(7,8),(9,10),(10,11),(11,12),(12,13),(13,14),(14,15),(15,16),(16,17);
/*!40000 ALTER TABLE `cart_table` ENABLE KEYS */;
UNLOCK TABLES;

--
-- Table structure for table `customer_table`
--

DROP TABLE IF EXISTS `customer_table`;
/*!40101 SET @saved_cs_client     = @@character_set_client */;
/*!40101 SET character_set_client = utf8 */;
CREATE TABLE `customer_table` (
  `customerid` int(6) NOT NULL AUTO_INCREMENT,
  `firstname` varchar(60) DEFAULT NULL,
  `middlename` varchar(60) DEFAULT NULL,
  `lastname` varchar(60) DEFAULT NULL,
  `gender` varchar(60) DEFAULT NULL,
  `birthdate` date DEFAULT NULL,
  `address` varchar(200) DEFAULT NULL,
  `emailaddress` varchar(60) DEFAULT NULL,
  `contactnumber` varchar(60) DEFAULT NULL,
  `username` varchar(60) DEFAULT NULL,
  `password` varchar(60) DEFAULT NULL,
  `isactivated` tinyint(1) DEFAULT NULL,
  `isdeleted` tinyint(1) DEFAULT '0',
  PRIMARY KEY (`customerid`)
) ENGINE=InnoDB AUTO_INCREMENT=19 DEFAULT CHARSET=utf8;
/*!40101 SET character_set_client = @saved_cs_client */;

--
-- Dumping data for table `customer_table`
--

LOCK TABLES `customer_table` WRITE;
/*!40000 ALTER TABLE `customer_table` DISABLE KEYS */;
INSERT INTO `customer_table` VALUES (2,'Asher','Raimundo','Lacsina','Male','1997-06-23','asdkljalks','lacsina23@gmail.com','09354785244','cus1','246d72427d74f7e904599f41f353b4d9',1,0),(3,'Gian','Elias','Luso','Male','1997-12-11','uwwww','testing@yahoo.com','09754148755','u','7b774effe4a349c6dd82ad4f4f21d34c',1,1),(5,'Dennis','Ilaban','Ventura','Male','1997-03-12','qqqqqq','dennisv@yahoo.com','09168053669','sss','77963b7a931377ad4ab5ad6a9cd718aa',1,0),(6,'Nash','Alovarez','Mendoza','Male','1957-08-24','purok sampaguita davao','nash@yahoo.com','09754252333','cus2','246d72427d74f7e904599f41f353b4d9',0,0),(7,'jobert','lipura','Baltazar','Male','2017-08-25','saranay','dellavajobert@gmail.com','09262196335','raijin','827ccb0eea8a706c4c34a16891f84e7b',0,0),(8,'Joy','Bibat','Del Rosario','Female','1997-01-19','Bambad, Isulan, Sultan Kudarat','joybdelrosario0119@gmail.com','09058234902','joy','1675c329b7b1fd26d4b43ff1b16f4364',1,0),(9,'BB Jean','Falco','Fusingan','Female','1995-02-12','Kudanding, Isulan, Sultan Kudarat','bbjean12fusingan@gmail.com','09274389702','bbjean','0b5151a958a0078f4a48da3ab8500144',1,0),(10,'Janica Marie','Etrata','Cuidad','Female','1990-08-11','New Isabela, Tacurong City','janicamariecuidad@gmail.com','09158732564','janica','cfc380c6c77efc91675398de3f6176d2',1,0),(11,'Javier','Sinswat','Sumagaysay','Male','1968-12-03','Bambad, Isulan, Sultan Kudarat','javierlama@gmail.com','09754009617','javier','2a8e8f422df69838ed04768e826c4188',1,0),(12,'Wanita','Antonias','Arellano','Female','1997-10-21','Maremco, Isulan, Sultan Kudarat','wanita_arellano@gmail.com','09752243619','wanita','3f7e0cb633d27521f4cf9ead3bde5f46',1,0),(16,'Juan','Dela Vega','Dela Cruz','Male','2012-12-02','Koronadal City','jonnajoy070796@gmail.com','09067611074','juan','a94652aa97c7211ba8954dd15a3cf838',1,0),(17,'Pedro','Mendosa','Galias','Male','1937-09-24','Tacurong city','bhubiera@gmail.com','09778833362','Pedro','042b8f6f1523a1f74064ccbd7244290d',1,0),(18,'Aaron','Lim','Flores','Male','1998-05-01','Tacurong','floresaj0014@gmail.com','09778833362','ron1','1bded3db8ce18ae0fd61ae5b2b6ce19e',1,0);
/*!40000 ALTER TABLE `customer_table` ENABLE KEYS */;
UNLOCK TABLES;

--
-- Table structure for table `goodies_inventory_table`
--

DROP TABLE IF EXISTS `goodies_inventory_table`;
/*!40101 SET @saved_cs_client     = @@character_set_client */;
/*!40101 SET character_set_client = utf8 */;
CREATE TABLE `goodies_inventory_table` (
  `inventoryid` int(6) NOT NULL AUTO_INCREMENT,
  `menuitemid` int(6) DEFAULT NULL,
  `beg` int(6) DEFAULT NULL,
  `del` int(6) DEFAULT NULL,
  `end` int(6) DEFAULT NULL,
  `date` date DEFAULT NULL,
  PRIMARY KEY (`inventoryid`),
  KEY `FK_goodies_inventory_table` (`menuitemid`),
  CONSTRAINT `FK_goodies_inventory_table` FOREIGN KEY (`menuitemid`) REFERENCES `menu_item_table` (`menuitemid`)
) ENGINE=InnoDB AUTO_INCREMENT=3286 DEFAULT CHARSET=utf8;
/*!40101 SET character_set_client = @saved_cs_client */;

--
-- Dumping data for table `goodies_inventory_table`
--

LOCK TABLES `goodies_inventory_table` WRITE;
/*!40000 ALTER TABLE `goodies_inventory_table` DISABLE KEYS */;
INSERT INTO `goodies_inventory_table` VALUES (658,96,89,0,89,'2017-09-16'),(659,97,72,0,72,'2017-09-16'),(660,98,100,0,100,'2017-09-16'),(661,99,89,0,89,'2017-09-16'),(662,100,100,0,100,'2017-09-16'),(663,101,100,0,100,'2017-09-16'),(664,102,100,0,100,'2017-09-16'),(665,103,100,0,100,'2017-09-16'),(666,104,100,0,100,'2017-09-16'),(667,105,100,0,100,'2017-09-16'),(668,106,100,0,100,'2017-09-16'),(669,107,100,0,100,'2017-09-16'),(670,108,100,0,100,'2017-09-16'),(671,109,100,0,100,'2017-09-16'),(672,110,100,0,100,'2017-09-16'),(673,111,100,0,100,'2017-09-16'),(674,112,100,0,100,'2017-09-16'),(675,113,100,0,100,'2017-09-16'),(676,114,100,0,100,'2017-09-16'),(677,115,100,0,100,'2017-09-16'),(678,116,100,0,100,'2017-09-16'),(679,117,100,0,100,'2017-09-16'),(680,118,100,0,100,'2017-09-16'),(681,119,100,0,100,'2017-09-16'),(682,120,100,0,100,'2017-09-16'),(683,121,100,0,100,'2017-09-16'),(684,122,100,0,100,'2017-09-16'),(685,123,100,0,100,'2017-09-16'),(686,124,100,0,100,'2017-09-16'),(687,125,100,0,100,'2017-09-16'),(688,126,100,0,100,'2017-09-16'),(689,127,100,0,100,'2017-09-16'),(690,128,100,0,100,'2017-09-16'),(691,129,100,0,100,'2017-09-16'),(692,130,100,0,100,'2017-09-16'),(693,131,100,0,100,'2017-09-16'),(694,132,100,0,100,'2017-09-16'),(695,133,100,0,100,'2017-09-16'),(696,134,100,0,100,'2017-09-16'),(697,135,100,0,100,'2017-09-16'),(698,136,100,0,100,'2017-09-16'),(699,137,100,0,100,'2017-09-16'),(700,138,100,0,100,'2017-09-16'),(701,139,100,0,100,'2017-09-16'),(702,140,100,0,100,'2017-09-16'),(703,141,110,0,110,'2017-09-16'),(704,142,100,0,100,'2017-09-16'),(705,143,100,0,100,'2017-09-16'),(706,144,100,0,100,'2017-09-16'),(707,145,100,0,100,'2017-09-16'),(708,146,121,0,121,'2017-09-16'),(709,147,100,0,100,'2017-09-16'),(710,148,100,0,100,'2017-09-16'),(711,149,100,0,100,'2017-09-16'),(712,150,100,0,100,'2017-09-16'),(713,151,100,0,100,'2017-09-16'),(714,152,100,0,100,'2017-09-16'),(715,153,100,0,100,'2017-09-16'),(716,154,100,0,100,'2017-09-16'),(717,155,100,0,100,'2017-09-16'),(718,156,100,0,100,'2017-09-16'),(719,157,100,0,100,'2017-09-16'),(720,158,100,0,100,'2017-09-16'),(721,159,100,0,100,'2017-09-16'),(722,160,100,0,100,'2017-09-16'),(723,161,100,0,100,'2017-09-16'),(724,162,100,0,100,'2017-09-16'),(725,163,100,0,100,'2017-09-16'),(726,164,100,0,100,'2017-09-16'),(727,165,100,0,100,'2017-09-16'),(728,166,100,0,100,'2017-09-16'),(729,167,100,0,100,'2017-09-16'),(730,168,100,0,100,'2017-09-16'),(877,96,89,0,89,'2017-09-17'),(878,97,72,0,72,'2017-09-17'),(879,98,100,0,100,'2017-09-17'),(880,99,89,0,89,'2017-09-17'),(881,100,100,0,100,'2017-09-17'),(882,101,100,0,100,'2017-09-17'),(883,102,100,0,100,'2017-09-17'),(884,103,100,0,100,'2017-09-17'),(885,104,100,0,100,'2017-09-17'),(886,105,100,0,100,'2017-09-17'),(887,106,100,0,100,'2017-09-17'),(888,107,100,0,100,'2017-09-17'),(889,108,100,0,100,'2017-09-17'),(890,109,100,0,100,'2017-09-17'),(891,110,100,0,100,'2017-09-17'),(892,111,100,0,100,'2017-09-17'),(893,112,100,0,100,'2017-09-17'),(894,113,100,0,100,'2017-09-17'),(895,114,100,0,100,'2017-09-17'),(896,115,100,0,100,'2017-09-17'),(897,116,100,0,100,'2017-09-17'),(898,117,100,0,100,'2017-09-17'),(899,118,100,0,100,'2017-09-17'),(900,119,100,0,100,'2017-09-17'),(901,120,100,0,100,'2017-09-17'),(902,121,100,0,100,'2017-09-17'),(903,122,100,0,100,'2017-09-17'),(904,123,100,0,100,'2017-09-17'),(905,124,100,0,100,'2017-09-17'),(906,125,100,0,100,'2017-09-17'),(907,126,100,0,100,'2017-09-17'),(908,127,100,0,100,'2017-09-17'),(909,128,100,0,100,'2017-09-17'),(910,129,100,0,100,'2017-09-17'),(911,130,100,0,100,'2017-09-17'),(912,131,100,0,100,'2017-09-17'),(913,132,100,0,100,'2017-09-17'),(914,133,100,0,100,'2017-09-17'),(915,134,100,0,100,'2017-09-17'),(916,135,100,0,100,'2017-09-17'),(917,136,100,0,100,'2017-09-17'),(918,137,100,0,100,'2017-09-17'),(919,138,100,0,100,'2017-09-17'),(920,139,100,0,100,'2017-09-17'),(921,140,100,0,100,'2017-09-17'),(922,141,110,0,110,'2017-09-17'),(923,142,100,0,100,'2017-09-17'),(924,143,100,0,100,'2017-09-17'),(925,144,100,0,100,'2017-09-17'),(926,145,100,0,100,'2017-09-17'),(927,146,121,0,121,'2017-09-17'),(928,147,100,0,100,'2017-09-17'),(929,148,100,0,100,'2017-09-17'),(930,149,100,0,100,'2017-09-17'),(931,150,100,0,100,'2017-09-17'),(932,151,100,0,100,'2017-09-17'),(933,152,100,0,100,'2017-09-17'),(934,153,100,0,100,'2017-09-17'),(935,154,100,0,100,'2017-09-17'),(936,155,100,0,100,'2017-09-17'),(937,156,100,0,100,'2017-09-17'),(938,157,100,0,100,'2017-09-17'),(939,158,100,0,100,'2017-09-17'),(940,159,100,0,100,'2017-09-17'),(941,160,100,0,100,'2017-09-17'),(942,161,100,0,100,'2017-09-17'),(943,162,100,0,100,'2017-09-17'),(944,163,100,0,100,'2017-09-17'),(945,164,100,0,100,'2017-09-17'),(946,165,100,0,100,'2017-09-17'),(947,166,100,0,100,'2017-09-17'),(948,167,100,0,100,'2017-09-17'),(949,168,100,0,100,'2017-09-17'),(1023,96,89,0,89,'2017-09-18'),(1024,97,72,0,72,'2017-09-18'),(1025,98,100,0,100,'2017-09-18'),(1026,99,89,0,89,'2017-09-18'),(1027,100,100,0,100,'2017-09-18'),(1028,101,100,0,100,'2017-09-18'),(1029,102,100,0,100,'2017-09-18'),(1030,103,100,0,100,'2017-09-18'),(1031,104,100,0,100,'2017-09-18'),(1032,105,100,0,100,'2017-09-18'),(1033,106,100,0,100,'2017-09-18'),(1034,107,100,0,100,'2017-09-18'),(1035,108,100,0,100,'2017-09-18'),(1036,109,100,0,100,'2017-09-18'),(1037,110,100,0,100,'2017-09-18'),(1038,111,100,0,100,'2017-09-18'),(1039,112,100,0,100,'2017-09-18'),(1040,113,100,0,100,'2017-09-18'),(1041,114,100,0,100,'2017-09-18'),(1042,115,100,0,100,'2017-09-18'),(1043,116,100,0,100,'2017-09-18'),(1044,117,100,0,100,'2017-09-18'),(1045,118,100,0,100,'2017-09-18'),(1046,119,100,0,100,'2017-09-18'),(1047,120,100,0,100,'2017-09-18'),(1048,121,100,0,100,'2017-09-18'),(1049,122,100,0,100,'2017-09-18'),(1050,123,100,0,100,'2017-09-18'),(1051,124,100,0,100,'2017-09-18'),(1052,125,100,0,100,'2017-09-18'),(1053,126,100,0,100,'2017-09-18'),(1054,127,100,0,100,'2017-09-18'),(1055,128,100,0,100,'2017-09-18'),(1056,129,100,0,100,'2017-09-18'),(1057,130,100,0,100,'2017-09-18'),(1058,131,100,0,100,'2017-09-18'),(1059,132,100,0,100,'2017-09-18'),(1060,133,100,0,100,'2017-09-18'),(1061,134,100,0,100,'2017-09-18'),(1062,135,100,0,100,'2017-09-18'),(1063,136,100,0,100,'2017-09-18'),(1064,137,100,0,100,'2017-09-18'),(1065,138,100,0,100,'2017-09-18'),(1066,139,100,0,100,'2017-09-18'),(1067,140,100,0,100,'2017-09-18'),(1068,141,110,0,110,'2017-09-18'),(1069,142,100,0,100,'2017-09-18'),(1070,143,100,0,100,'2017-09-18'),(1071,144,100,0,100,'2017-09-18'),(1072,145,100,0,100,'2017-09-18'),(1073,146,121,0,121,'2017-09-18'),(1074,147,100,0,100,'2017-09-18'),(1075,148,100,0,100,'2017-09-18'),(1076,149,100,0,100,'2017-09-18'),(1077,150,100,0,100,'2017-09-18'),(1078,151,100,0,100,'2017-09-18'),(1079,152,100,0,100,'2017-09-18'),(1080,153,100,0,100,'2017-09-18'),(1081,154,100,0,100,'2017-09-18'),(1082,155,100,0,100,'2017-09-18'),(1083,156,100,0,100,'2017-09-18'),(1084,157,100,0,100,'2017-09-18'),(1085,158,100,0,100,'2017-09-18'),(1086,159,100,0,100,'2017-09-18'),(1087,160,100,0,100,'2017-09-18'),(1088,161,100,0,100,'2017-09-18'),(1089,162,100,0,100,'2017-09-18'),(1090,163,100,0,100,'2017-09-18'),(1091,164,100,0,100,'2017-09-18'),(1092,165,100,0,100,'2017-09-18'),(1093,166,100,0,100,'2017-09-18'),(1094,167,100,0,100,'2017-09-18'),(1095,168,100,0,100,'2017-09-18'),(1096,96,89,0,89,'2017-09-19'),(1097,97,72,0,72,'2017-09-19'),(1098,98,100,0,100,'2017-09-19'),(1099,99,89,0,89,'2017-09-19'),(1100,100,100,0,100,'2017-09-19'),(1101,101,100,0,100,'2017-09-19'),(1102,102,100,0,100,'2017-09-19'),(1103,103,100,0,100,'2017-09-19'),(1104,104,100,0,100,'2017-09-19'),(1105,105,100,0,100,'2017-09-19'),(1106,106,100,0,100,'2017-09-19'),(1107,107,100,0,100,'2017-09-19'),(1108,108,100,0,100,'2017-09-19'),(1109,109,100,0,100,'2017-09-19'),(1110,110,100,0,100,'2017-09-19'),(1111,111,100,0,100,'2017-09-19'),(1112,112,100,0,100,'2017-09-19'),(1113,113,100,0,100,'2017-09-19'),(1114,114,100,0,100,'2017-09-19'),(1115,115,100,0,100,'2017-09-19'),(1116,116,100,0,100,'2017-09-19'),(1117,117,100,0,100,'2017-09-19'),(1118,118,100,0,100,'2017-09-19'),(1119,119,100,0,100,'2017-09-19'),(1120,120,100,0,100,'2017-09-19'),(1121,121,100,0,100,'2017-09-19'),(1122,122,100,0,100,'2017-09-19'),(1123,123,100,0,100,'2017-09-19'),(1124,124,100,0,100,'2017-09-19'),(1125,125,100,0,100,'2017-09-19'),(1126,126,100,0,100,'2017-09-19'),(1127,127,100,0,100,'2017-09-19'),(1128,128,100,0,100,'2017-09-19'),(1129,129,100,0,100,'2017-09-19'),(1130,130,100,0,100,'2017-09-19'),(1131,131,100,0,100,'2017-09-19'),(1132,132,100,0,100,'2017-09-19'),(1133,133,100,0,100,'2017-09-19'),(1134,134,100,0,100,'2017-09-19'),(1135,135,100,0,100,'2017-09-19'),(1136,136,100,0,100,'2017-09-19'),(1137,137,100,0,100,'2017-09-19'),(1138,138,100,0,100,'2017-09-19'),(1139,139,100,0,100,'2017-09-19'),(1140,140,100,0,100,'2017-09-19'),(1141,141,110,0,110,'2017-09-19'),(1142,142,100,0,100,'2017-09-19'),(1143,143,100,0,100,'2017-09-19'),(1144,144,100,0,100,'2017-09-19'),(1145,145,100,0,100,'2017-09-19'),(1146,146,121,0,121,'2017-09-19'),(1147,147,100,0,100,'2017-09-19'),(1148,148,100,0,100,'2017-09-19'),(1149,149,100,0,100,'2017-09-19'),(1150,150,100,0,100,'2017-09-19'),(1151,151,100,0,100,'2017-09-19'),(1152,152,100,0,100,'2017-09-19'),(1153,153,100,0,100,'2017-09-19'),(1154,154,100,0,100,'2017-09-19'),(1155,155,100,0,100,'2017-09-19'),(1156,156,100,0,100,'2017-09-19'),(1157,157,100,0,100,'2017-09-19'),(1158,158,100,0,100,'2017-09-19'),(1159,159,100,0,100,'2017-09-19'),(1160,160,100,0,100,'2017-09-19'),(1161,161,100,0,100,'2017-09-19'),(1162,162,100,0,100,'2017-09-19'),(1163,163,100,0,100,'2017-09-19'),(1164,164,100,0,100,'2017-09-19'),(1165,165,100,0,100,'2017-09-19'),(1166,166,100,0,100,'2017-09-19'),(1167,167,100,0,100,'2017-09-19'),(1168,168,100,0,100,'2017-09-19'),(1242,96,89,0,89,'2017-09-20'),(1243,97,72,0,72,'2017-09-20'),(1244,98,100,0,100,'2017-09-20'),(1245,99,89,0,89,'2017-09-20'),(1246,100,100,0,100,'2017-09-20'),(1247,101,100,0,100,'2017-09-20'),(1248,102,100,0,100,'2017-09-20'),(1249,103,100,0,100,'2017-09-20'),(1250,104,100,0,100,'2017-09-20'),(1251,105,100,0,100,'2017-09-20'),(1252,106,100,0,100,'2017-09-20'),(1253,107,100,0,100,'2017-09-20'),(1254,108,100,0,100,'2017-09-20'),(1255,109,100,0,100,'2017-09-20'),(1256,110,100,0,100,'2017-09-20'),(1257,111,100,0,100,'2017-09-20'),(1258,112,100,0,100,'2017-09-20'),(1259,113,100,0,100,'2017-09-20'),(1260,114,100,0,100,'2017-09-20'),(1261,115,100,0,100,'2017-09-20'),(1262,116,100,0,100,'2017-09-20'),(1263,117,100,0,100,'2017-09-20'),(1264,118,100,0,100,'2017-09-20'),(1265,119,100,0,100,'2017-09-20'),(1266,120,100,0,100,'2017-09-20'),(1267,121,100,0,100,'2017-09-20'),(1268,122,100,0,100,'2017-09-20'),(1269,123,100,0,100,'2017-09-20'),(1270,124,100,0,100,'2017-09-20'),(1271,125,100,0,100,'2017-09-20'),(1272,126,100,0,100,'2017-09-20'),(1273,127,100,0,100,'2017-09-20'),(1274,128,100,0,100,'2017-09-20'),(1275,129,100,0,100,'2017-09-20'),(1276,130,100,0,100,'2017-09-20'),(1277,131,100,0,100,'2017-09-20'),(1278,132,100,0,100,'2017-09-20'),(1279,133,100,0,100,'2017-09-20'),(1280,134,100,0,100,'2017-09-20'),(1281,135,100,0,100,'2017-09-20'),(1282,136,100,0,100,'2017-09-20'),(1283,137,100,0,100,'2017-09-20'),(1284,138,100,0,100,'2017-09-20'),(1285,139,100,0,100,'2017-09-20'),(1286,140,100,0,100,'2017-09-20'),(1287,141,110,0,110,'2017-09-20'),(1288,142,100,0,100,'2017-09-20'),(1289,143,100,0,100,'2017-09-20'),(1290,144,100,0,100,'2017-09-20'),(1291,145,100,0,100,'2017-09-20'),(1292,146,121,0,121,'2017-09-20'),(1293,147,100,0,100,'2017-09-20'),(1294,148,100,0,100,'2017-09-20'),(1295,149,100,0,100,'2017-09-20'),(1296,150,100,0,100,'2017-09-20'),(1297,151,100,0,100,'2017-09-20'),(1298,152,100,0,100,'2017-09-20'),(1299,153,100,0,100,'2017-09-20'),(1300,154,100,0,100,'2017-09-20'),(1301,155,100,0,100,'2017-09-20'),(1302,156,100,0,100,'2017-09-20'),(1303,157,100,0,100,'2017-09-20'),(1304,158,100,0,100,'2017-09-20'),(1305,159,100,0,100,'2017-09-20'),(1306,160,100,0,100,'2017-09-20'),(1307,161,100,0,100,'2017-09-20'),(1308,162,100,0,100,'2017-09-20'),(1309,163,100,0,100,'2017-09-20'),(1310,164,100,0,100,'2017-09-20'),(1311,165,100,0,100,'2017-09-20'),(1312,166,100,0,100,'2017-09-20'),(1313,167,100,0,100,'2017-09-20'),(1314,168,100,0,100,'2017-09-20'),(1315,96,89,0,89,'2017-09-21'),(1316,97,72,0,72,'2017-09-21'),(1317,98,100,0,100,'2017-09-21'),(1318,99,89,0,89,'2017-09-21'),(1319,100,100,0,100,'2017-09-21'),(1320,101,100,0,100,'2017-09-21'),(1321,102,100,0,100,'2017-09-21'),(1322,103,100,0,100,'2017-09-21'),(1323,104,100,0,100,'2017-09-21'),(1324,105,100,0,100,'2017-09-21'),(1325,106,100,0,100,'2017-09-21'),(1326,107,100,0,100,'2017-09-21'),(1327,108,100,0,100,'2017-09-21'),(1328,109,100,0,100,'2017-09-21'),(1329,110,100,0,100,'2017-09-21'),(1330,111,100,0,100,'2017-09-21'),(1331,112,100,0,100,'2017-09-21'),(1332,113,100,0,100,'2017-09-21'),(1333,114,100,0,100,'2017-09-21'),(1334,115,100,0,100,'2017-09-21'),(1335,116,100,0,100,'2017-09-21'),(1336,117,100,0,100,'2017-09-21'),(1337,118,100,0,100,'2017-09-21'),(1338,119,100,0,100,'2017-09-21'),(1339,120,100,0,100,'2017-09-21'),(1340,121,100,0,100,'2017-09-21'),(1341,122,100,0,100,'2017-09-21'),(1342,123,100,0,100,'2017-09-21'),(1343,124,100,0,100,'2017-09-21'),(1344,125,100,0,100,'2017-09-21'),(1345,126,100,0,100,'2017-09-21'),(1346,127,100,0,100,'2017-09-21'),(1347,128,100,0,100,'2017-09-21'),(1348,129,100,0,100,'2017-09-21'),(1349,130,100,0,100,'2017-09-21'),(1350,131,100,0,100,'2017-09-21'),(1351,132,100,0,100,'2017-09-21'),(1352,133,100,0,100,'2017-09-21'),(1353,134,100,0,100,'2017-09-21'),(1354,135,100,0,100,'2017-09-21'),(1355,136,100,0,100,'2017-09-21'),(1356,137,100,0,100,'2017-09-21'),(1357,138,100,0,100,'2017-09-21'),(1358,139,100,0,100,'2017-09-21'),(1359,140,100,0,100,'2017-09-21'),(1360,141,110,0,110,'2017-09-21'),(1361,142,100,0,100,'2017-09-21'),(1362,143,100,0,100,'2017-09-21'),(1363,144,100,0,100,'2017-09-21'),(1364,145,100,0,100,'2017-09-21'),(1365,146,121,0,121,'2017-09-21'),(1366,147,100,0,100,'2017-09-21'),(1367,148,100,0,100,'2017-09-21'),(1368,149,100,0,100,'2017-09-21'),(1369,150,100,0,100,'2017-09-21'),(1370,151,100,0,100,'2017-09-21'),(1371,152,100,0,100,'2017-09-21'),(1372,153,100,0,100,'2017-09-21'),(1373,154,100,0,100,'2017-09-21'),(1374,155,100,0,100,'2017-09-21'),(1375,156,100,0,100,'2017-09-21'),(1376,157,100,0,100,'2017-09-21'),(1377,158,100,0,100,'2017-09-21'),(1378,159,100,0,100,'2017-09-21'),(1379,160,100,0,100,'2017-09-21'),(1380,161,100,0,100,'2017-09-21'),(1381,162,100,0,100,'2017-09-21'),(1382,163,100,0,100,'2017-09-21'),(1383,164,100,0,100,'2017-09-21'),(1384,165,100,0,100,'2017-09-21'),(1385,166,100,0,100,'2017-09-21'),(1386,167,100,0,100,'2017-09-21'),(1387,168,100,0,100,'2017-09-21'),(1388,96,89,0,89,'2017-09-22'),(1389,97,72,0,72,'2017-09-22'),(1390,98,100,0,100,'2017-09-22'),(1391,99,89,0,89,'2017-09-22'),(1392,100,100,0,100,'2017-09-22'),(1393,101,100,0,100,'2017-09-22'),(1394,102,100,0,100,'2017-09-22'),(1395,103,100,0,100,'2017-09-22'),(1396,104,100,0,100,'2017-09-22'),(1397,105,100,0,100,'2017-09-22'),(1398,106,100,0,100,'2017-09-22'),(1399,107,100,0,100,'2017-09-22'),(1400,108,100,0,100,'2017-09-22'),(1401,109,100,0,100,'2017-09-22'),(1402,110,100,0,100,'2017-09-22'),(1403,111,100,0,100,'2017-09-22'),(1404,112,100,0,100,'2017-09-22'),(1405,113,100,0,100,'2017-09-22'),(1406,114,100,0,100,'2017-09-22'),(1407,115,100,0,100,'2017-09-22'),(1408,116,100,0,100,'2017-09-22'),(1409,117,100,0,100,'2017-09-22'),(1410,118,100,0,100,'2017-09-22'),(1411,119,100,0,100,'2017-09-22'),(1412,120,100,0,100,'2017-09-22'),(1413,121,100,0,100,'2017-09-22'),(1414,122,100,0,100,'2017-09-22'),(1415,123,100,0,100,'2017-09-22'),(1416,124,100,0,100,'2017-09-22'),(1417,125,100,0,100,'2017-09-22'),(1418,126,100,0,100,'2017-09-22'),(1419,127,100,0,100,'2017-09-22'),(1420,128,100,0,100,'2017-09-22'),(1421,129,100,0,100,'2017-09-22'),(1422,130,100,0,100,'2017-09-22'),(1423,131,100,0,100,'2017-09-22'),(1424,132,100,0,100,'2017-09-22'),(1425,133,100,0,100,'2017-09-22'),(1426,134,100,0,100,'2017-09-22'),(1427,135,100,0,100,'2017-09-22'),(1428,136,100,0,100,'2017-09-22'),(1429,137,100,0,100,'2017-09-22'),(1430,138,100,0,100,'2017-09-22'),(1431,139,100,0,100,'2017-09-22'),(1432,140,100,0,100,'2017-09-22'),(1433,141,110,0,110,'2017-09-22'),(1434,142,100,0,100,'2017-09-22'),(1435,143,100,0,100,'2017-09-22'),(1436,144,100,0,100,'2017-09-22'),(1437,145,100,0,100,'2017-09-22'),(1438,146,121,0,121,'2017-09-22'),(1439,147,100,0,100,'2017-09-22'),(1440,148,100,0,100,'2017-09-22'),(1441,149,100,0,100,'2017-09-22'),(1442,150,100,0,100,'2017-09-22'),(1443,151,100,0,100,'2017-09-22'),(1444,152,100,0,100,'2017-09-22'),(1445,153,100,0,100,'2017-09-22'),(1446,154,100,0,100,'2017-09-22'),(1447,155,100,0,100,'2017-09-22'),(1448,156,100,0,100,'2017-09-22'),(1449,157,100,0,100,'2017-09-22'),(1450,158,100,0,100,'2017-09-22'),(1451,159,100,0,100,'2017-09-22'),(1452,160,100,0,100,'2017-09-22'),(1453,161,100,0,100,'2017-09-22'),(1454,162,100,0,100,'2017-09-22'),(1455,163,100,0,100,'2017-09-22'),(1456,164,100,0,100,'2017-09-22'),(1457,165,100,0,100,'2017-09-22'),(1458,166,100,0,100,'2017-09-22'),(1459,167,100,0,100,'2017-09-22'),(1460,168,100,0,100,'2017-09-22'),(1461,96,89,0,89,'2017-09-23'),(1462,97,72,0,72,'2017-09-23'),(1463,98,100,0,100,'2017-09-23'),(1464,99,89,0,89,'2017-09-23'),(1465,100,100,0,100,'2017-09-23'),(1466,101,100,0,100,'2017-09-23'),(1467,102,100,0,100,'2017-09-23'),(1468,103,100,0,100,'2017-09-23'),(1469,104,100,0,100,'2017-09-23'),(1470,105,100,0,100,'2017-09-23'),(1471,106,100,0,100,'2017-09-23'),(1472,107,100,0,100,'2017-09-23'),(1473,108,100,0,100,'2017-09-23'),(1474,109,100,0,100,'2017-09-23'),(1475,110,100,0,100,'2017-09-23'),(1476,111,100,0,100,'2017-09-23'),(1477,112,100,0,100,'2017-09-23'),(1478,113,100,0,100,'2017-09-23'),(1479,114,100,0,100,'2017-09-23'),(1480,115,100,0,100,'2017-09-23'),(1481,116,100,0,100,'2017-09-23'),(1482,117,100,0,100,'2017-09-23'),(1483,118,100,0,100,'2017-09-23'),(1484,119,100,0,100,'2017-09-23'),(1485,120,100,0,100,'2017-09-23'),(1486,121,100,0,100,'2017-09-23'),(1487,122,100,0,100,'2017-09-23'),(1488,123,100,0,100,'2017-09-23'),(1489,124,100,0,100,'2017-09-23'),(1490,125,100,0,100,'2017-09-23'),(1491,126,100,0,100,'2017-09-23'),(1492,127,100,0,100,'2017-09-23'),(1493,128,100,0,100,'2017-09-23'),(1494,129,100,0,100,'2017-09-23'),(1495,130,100,0,100,'2017-09-23'),(1496,131,100,0,100,'2017-09-23'),(1497,132,100,0,100,'2017-09-23'),(1498,133,100,0,100,'2017-09-23'),(1499,134,100,0,100,'2017-09-23'),(1500,135,100,0,100,'2017-09-23'),(1501,136,100,0,100,'2017-09-23'),(1502,137,100,0,100,'2017-09-23'),(1503,138,100,0,100,'2017-09-23'),(1504,139,100,0,100,'2017-09-23'),(1505,140,100,0,100,'2017-09-23'),(1506,141,110,0,110,'2017-09-23'),(1507,142,100,0,100,'2017-09-23'),(1508,143,100,0,100,'2017-09-23'),(1509,144,100,0,100,'2017-09-23'),(1510,145,100,0,100,'2017-09-23'),(1511,146,121,0,121,'2017-09-23'),(1512,147,100,0,100,'2017-09-23'),(1513,148,100,0,100,'2017-09-23'),(1514,149,100,0,100,'2017-09-23'),(1515,150,100,0,100,'2017-09-23'),(1516,151,100,0,100,'2017-09-23'),(1517,152,100,0,100,'2017-09-23'),(1518,153,100,0,100,'2017-09-23'),(1519,154,100,0,100,'2017-09-23'),(1520,155,100,0,100,'2017-09-23'),(1521,156,100,0,100,'2017-09-23'),(1522,157,100,0,100,'2017-09-23'),(1523,158,100,0,100,'2017-09-23'),(1524,159,100,0,100,'2017-09-23'),(1525,160,100,0,100,'2017-09-23'),(1526,161,100,0,100,'2017-09-23'),(1527,162,100,0,100,'2017-09-23'),(1528,163,100,0,100,'2017-09-23'),(1529,164,100,0,100,'2017-09-23'),(1530,165,100,0,100,'2017-09-23'),(1531,166,100,0,100,'2017-09-23'),(1532,167,100,0,100,'2017-09-23'),(1533,168,100,0,100,'2017-09-23'),(1534,96,89,0,89,'2017-09-23'),(1535,97,72,0,72,'2017-09-23'),(1536,98,100,0,100,'2017-09-23'),(1537,99,89,0,89,'2017-09-23'),(1538,100,100,0,100,'2017-09-23'),(1539,101,100,0,100,'2017-09-23'),(1540,102,100,0,100,'2017-09-23'),(1541,103,100,0,100,'2017-09-23'),(1542,104,100,0,100,'2017-09-23'),(1543,105,100,0,100,'2017-09-23'),(1544,106,100,0,100,'2017-09-23'),(1545,107,100,0,100,'2017-09-23'),(1546,108,100,0,100,'2017-09-23'),(1547,109,100,0,100,'2017-09-23'),(1548,110,100,0,100,'2017-09-23'),(1549,111,100,0,100,'2017-09-23'),(1550,112,100,0,100,'2017-09-23'),(1551,113,100,0,100,'2017-09-23'),(1552,114,100,0,100,'2017-09-23'),(1553,115,100,0,100,'2017-09-23'),(1554,116,100,0,100,'2017-09-23'),(1555,117,100,0,100,'2017-09-23'),(1556,118,100,0,100,'2017-09-23'),(1557,119,100,0,100,'2017-09-23'),(1558,120,100,0,100,'2017-09-23'),(1559,121,100,0,100,'2017-09-23'),(1560,122,100,0,100,'2017-09-23'),(1561,123,100,0,100,'2017-09-23'),(1562,124,100,0,100,'2017-09-23'),(1563,125,100,0,100,'2017-09-23'),(1564,126,100,0,100,'2017-09-23'),(1565,127,100,0,100,'2017-09-23'),(1566,128,100,0,100,'2017-09-23'),(1567,129,100,0,100,'2017-09-23'),(1568,130,100,0,100,'2017-09-23'),(1569,131,100,0,100,'2017-09-23'),(1570,132,100,0,100,'2017-09-23'),(1571,133,100,0,100,'2017-09-23'),(1572,134,100,0,100,'2017-09-23'),(1573,135,100,0,100,'2017-09-23'),(1574,136,100,0,100,'2017-09-23'),(1575,137,100,0,100,'2017-09-23'),(1576,138,100,0,100,'2017-09-23'),(1577,139,100,0,100,'2017-09-23'),(1578,140,100,0,100,'2017-09-23'),(1579,141,110,0,110,'2017-09-23'),(1580,142,100,0,100,'2017-09-23'),(1581,143,100,0,100,'2017-09-23'),(1582,144,100,0,100,'2017-09-23'),(1583,145,100,0,100,'2017-09-23'),(1584,146,121,0,121,'2017-09-23'),(1585,147,100,0,100,'2017-09-23'),(1586,148,100,0,100,'2017-09-23'),(1587,149,100,0,100,'2017-09-23'),(1588,150,100,0,100,'2017-09-23'),(1589,151,100,0,100,'2017-09-23'),(1590,152,100,0,100,'2017-09-23'),(1591,153,100,0,100,'2017-09-23'),(1592,154,100,0,100,'2017-09-23'),(1593,155,100,0,100,'2017-09-23'),(1594,156,100,0,100,'2017-09-23'),(1595,157,100,0,100,'2017-09-23'),(1596,158,100,0,100,'2017-09-23'),(1597,159,100,0,100,'2017-09-23'),(1598,160,100,0,100,'2017-09-23'),(1599,161,100,0,100,'2017-09-23'),(1600,162,100,0,100,'2017-09-23'),(1601,163,100,0,100,'2017-09-23'),(1602,164,100,0,100,'2017-09-23'),(1603,165,100,0,100,'2017-09-23'),(1604,166,100,0,100,'2017-09-23'),(1605,167,100,0,100,'2017-09-23'),(1606,168,100,0,100,'2017-09-23'),(1607,96,89,0,89,'2017-09-23'),(1608,97,72,0,72,'2017-09-23'),(1609,98,100,0,100,'2017-09-23'),(1610,99,89,0,89,'2017-09-23'),(1611,100,100,0,100,'2017-09-23'),(1612,101,100,0,100,'2017-09-23'),(1613,102,100,0,100,'2017-09-23'),(1614,103,100,0,100,'2017-09-23'),(1615,104,100,0,100,'2017-09-23'),(1616,105,100,0,100,'2017-09-23'),(1617,106,100,0,100,'2017-09-23'),(1618,107,100,0,100,'2017-09-23'),(1619,108,100,0,100,'2017-09-23'),(1620,109,100,0,100,'2017-09-23'),(1621,110,100,0,100,'2017-09-23'),(1622,111,100,0,100,'2017-09-23'),(1623,112,100,0,100,'2017-09-23'),(1624,113,100,0,100,'2017-09-23'),(1625,114,100,0,100,'2017-09-23'),(1626,115,100,0,100,'2017-09-23'),(1627,116,100,0,100,'2017-09-23'),(1628,117,100,0,100,'2017-09-23'),(1629,118,100,0,100,'2017-09-23'),(1630,119,100,0,100,'2017-09-23'),(1631,120,100,0,100,'2017-09-23'),(1632,121,100,0,100,'2017-09-23'),(1633,122,100,0,100,'2017-09-23'),(1634,123,100,0,100,'2017-09-23'),(1635,124,100,0,100,'2017-09-23'),(1636,125,100,0,100,'2017-09-23'),(1637,126,100,0,100,'2017-09-23'),(1638,127,100,0,100,'2017-09-23'),(1639,128,100,0,100,'2017-09-23'),(1640,129,100,0,100,'2017-09-23'),(1641,130,100,0,100,'2017-09-23'),(1642,131,100,0,100,'2017-09-23'),(1643,132,100,0,100,'2017-09-23'),(1644,133,100,0,100,'2017-09-23'),(1645,134,100,0,100,'2017-09-23'),(1646,135,100,0,100,'2017-09-23'),(1647,136,100,0,100,'2017-09-23'),(1648,137,100,0,100,'2017-09-23'),(1649,138,100,0,100,'2017-09-23'),(1650,139,100,0,100,'2017-09-23'),(1651,140,100,0,100,'2017-09-23'),(1652,141,110,0,110,'2017-09-23'),(1653,142,100,0,100,'2017-09-23'),(1654,143,100,0,100,'2017-09-23'),(1655,144,100,0,100,'2017-09-23'),(1656,145,100,0,100,'2017-09-23'),(1657,146,121,0,121,'2017-09-23'),(1658,147,100,0,100,'2017-09-23'),(1659,148,100,0,100,'2017-09-23'),(1660,149,100,0,100,'2017-09-23'),(1661,150,100,0,100,'2017-09-23'),(1662,151,100,0,100,'2017-09-23'),(1663,152,100,0,100,'2017-09-23'),(1664,153,100,0,100,'2017-09-23'),(1665,154,100,0,100,'2017-09-23'),(1666,155,100,0,100,'2017-09-23'),(1667,156,100,0,100,'2017-09-23'),(1668,157,100,0,100,'2017-09-23'),(1669,158,100,0,100,'2017-09-23'),(1670,159,100,0,100,'2017-09-23'),(1671,160,100,0,100,'2017-09-23'),(1672,161,100,0,100,'2017-09-23'),(1673,162,100,0,100,'2017-09-23'),(1674,163,100,0,100,'2017-09-23'),(1675,164,100,0,100,'2017-09-23'),(1676,165,100,0,100,'2017-09-23'),(1677,166,100,0,100,'2017-09-23'),(1678,167,100,0,100,'2017-09-23'),(1679,168,100,0,100,'2017-09-23'),(1680,96,89,0,89,'2017-09-24'),(1681,97,72,0,72,'2017-09-24'),(1682,98,100,0,90,'2017-09-24'),(1683,99,89,0,89,'2017-09-24'),(1684,100,100,0,100,'2017-09-24'),(1685,101,100,0,100,'2017-09-24'),(1686,102,100,0,100,'2017-09-24'),(1687,103,100,0,100,'2017-09-24'),(1688,104,100,0,100,'2017-09-24'),(1689,105,100,0,100,'2017-09-24'),(1690,106,100,0,100,'2017-09-24'),(1691,107,100,0,100,'2017-09-24'),(1692,108,100,0,100,'2017-09-24'),(1693,109,100,0,100,'2017-09-24'),(1694,110,100,10,110,'2017-09-24'),(1695,111,100,0,100,'2017-09-24'),(1696,112,100,0,100,'2017-09-24'),(1697,113,100,0,100,'2017-09-24'),(1698,114,100,0,100,'2017-09-24'),(1699,115,100,0,100,'2017-09-24'),(1700,116,100,0,100,'2017-09-24'),(1701,117,100,0,100,'2017-09-24'),(1702,118,100,0,100,'2017-09-24'),(1703,119,100,0,100,'2017-09-24'),(1704,120,100,0,100,'2017-09-24'),(1705,121,100,0,100,'2017-09-24'),(1706,122,100,0,100,'2017-09-24'),(1707,123,100,0,100,'2017-09-24'),(1708,124,100,0,100,'2017-09-24'),(1709,125,100,0,100,'2017-09-24'),(1710,126,100,0,100,'2017-09-24'),(1711,127,100,0,100,'2017-09-24'),(1712,128,100,0,100,'2017-09-24'),(1713,129,100,0,100,'2017-09-24'),(1714,130,100,0,100,'2017-09-24'),(1715,131,100,0,100,'2017-09-24'),(1716,132,100,0,100,'2017-09-24'),(1717,133,100,0,100,'2017-09-24'),(1718,134,100,0,100,'2017-09-24'),(1719,135,100,0,100,'2017-09-24'),(1720,136,100,0,100,'2017-09-24'),(1721,137,100,0,100,'2017-09-24'),(1722,138,100,0,100,'2017-09-24'),(1723,139,100,0,100,'2017-09-24'),(1724,140,100,0,100,'2017-09-24'),(1725,141,110,0,110,'2017-09-24'),(1726,142,100,0,100,'2017-09-24'),(1727,143,100,0,100,'2017-09-24'),(1728,144,100,0,100,'2017-09-24'),(1729,145,100,0,100,'2017-09-24'),(1730,146,121,0,121,'2017-09-24'),(1731,147,100,0,100,'2017-09-24'),(1732,148,100,0,100,'2017-09-24'),(1733,149,100,0,100,'2017-09-24'),(1734,150,100,0,100,'2017-09-24'),(1735,151,100,0,100,'2017-09-24'),(1736,152,100,0,100,'2017-09-24'),(1737,153,100,0,100,'2017-09-24'),(1738,154,100,0,100,'2017-09-24'),(1739,155,100,0,100,'2017-09-24'),(1740,156,100,0,100,'2017-09-24'),(1741,157,100,0,100,'2017-09-24'),(1742,158,100,0,100,'2017-09-24'),(1743,159,100,0,100,'2017-09-24'),(1744,160,100,0,100,'2017-09-24'),(1745,161,100,0,100,'2017-09-24'),(1746,162,100,0,100,'2017-09-24'),(1747,163,100,0,100,'2017-09-24'),(1748,164,100,0,100,'2017-09-24'),(1749,165,100,0,100,'2017-09-24'),(1750,166,100,0,100,'2017-09-24'),(1751,167,100,0,100,'2017-09-24'),(1752,168,100,0,100,'2017-09-24'),(1753,96,89,0,89,'2017-09-25'),(1754,97,72,0,72,'2017-09-25'),(1755,98,90,0,90,'2017-09-25'),(1756,99,89,0,89,'2017-09-25'),(1757,100,100,0,100,'2017-09-25'),(1758,101,100,0,100,'2017-09-25'),(1759,102,100,0,100,'2017-09-25'),(1760,103,100,0,100,'2017-09-25'),(1761,104,100,0,100,'2017-09-25'),(1762,105,100,0,100,'2017-09-25'),(1763,106,100,0,100,'2017-09-25'),(1764,107,100,0,100,'2017-09-25'),(1765,108,100,0,100,'2017-09-25'),(1766,109,100,0,100,'2017-09-25'),(1767,110,110,0,110,'2017-09-25'),(1768,111,100,0,100,'2017-09-25'),(1769,112,100,0,100,'2017-09-25'),(1770,113,100,0,100,'2017-09-25'),(1771,114,100,0,100,'2017-09-25'),(1772,115,100,0,100,'2017-09-25'),(1773,116,100,0,100,'2017-09-25'),(1774,117,100,0,100,'2017-09-25'),(1775,118,100,0,100,'2017-09-25'),(1776,119,100,0,100,'2017-09-25'),(1777,120,100,0,100,'2017-09-25'),(1778,121,100,0,100,'2017-09-25'),(1779,122,100,0,100,'2017-09-25'),(1780,123,100,0,100,'2017-09-25'),(1781,124,100,0,100,'2017-09-25'),(1782,125,100,0,100,'2017-09-25'),(1783,126,100,0,100,'2017-09-25'),(1784,127,100,0,100,'2017-09-25'),(1785,128,100,0,100,'2017-09-25'),(1786,129,100,0,100,'2017-09-25'),(1787,130,100,0,100,'2017-09-25'),(1788,131,100,0,100,'2017-09-25'),(1789,132,100,0,100,'2017-09-25'),(1790,133,100,0,100,'2017-09-25'),(1791,134,100,0,100,'2017-09-25'),(1792,135,100,0,100,'2017-09-25'),(1793,136,100,0,100,'2017-09-25'),(1794,137,100,0,100,'2017-09-25'),(1795,138,100,0,100,'2017-09-25'),(1796,139,100,0,100,'2017-09-25'),(1797,140,100,0,100,'2017-09-25'),(1798,141,110,0,110,'2017-09-25'),(1799,142,100,0,100,'2017-09-25'),(1800,143,100,0,100,'2017-09-25'),(1801,144,100,0,100,'2017-09-25'),(1802,145,100,0,100,'2017-09-25'),(1803,146,121,0,121,'2017-09-25'),(1804,147,100,0,100,'2017-09-25'),(1805,148,100,0,100,'2017-09-25'),(1806,149,100,0,100,'2017-09-25'),(1807,150,100,0,100,'2017-09-25'),(1808,151,100,0,100,'2017-09-25'),(1809,152,100,0,100,'2017-09-25'),(1810,153,100,0,100,'2017-09-25'),(1811,154,100,0,100,'2017-09-25'),(1812,155,100,0,100,'2017-09-25'),(1813,156,100,0,100,'2017-09-25'),(1814,157,100,0,100,'2017-09-25'),(1815,158,100,0,100,'2017-09-25'),(1816,159,100,0,100,'2017-09-25'),(1817,160,100,0,100,'2017-09-25'),(1818,161,100,0,100,'2017-09-25'),(1819,162,100,0,100,'2017-09-25'),(1820,163,100,0,100,'2017-09-25'),(1821,164,100,0,100,'2017-09-25'),(1822,165,100,0,100,'2017-09-25'),(1823,166,100,0,100,'2017-09-25'),(1824,167,100,0,100,'2017-09-25'),(1825,168,100,0,100,'2017-09-25'),(1826,96,89,0,89,'2017-09-26'),(1827,97,72,0,72,'2017-09-26'),(1828,98,90,0,90,'2017-09-26'),(1829,99,89,0,89,'2017-09-26'),(1830,100,100,0,100,'2017-09-26'),(1831,101,100,0,100,'2017-09-26'),(1832,102,100,0,100,'2017-09-26'),(1833,103,100,0,100,'2017-09-26'),(1834,104,100,0,100,'2017-09-26'),(1835,105,100,0,100,'2017-09-26'),(1836,106,100,0,100,'2017-09-26'),(1837,107,100,0,100,'2017-09-26'),(1838,108,100,0,100,'2017-09-26'),(1839,109,100,0,100,'2017-09-26'),(1840,110,110,0,110,'2017-09-26'),(1841,111,100,0,100,'2017-09-26'),(1842,112,100,0,100,'2017-09-26'),(1843,113,100,0,100,'2017-09-26'),(1844,114,100,0,100,'2017-09-26'),(1845,115,100,0,100,'2017-09-26'),(1846,116,100,0,100,'2017-09-26'),(1847,117,100,0,100,'2017-09-26'),(1848,118,100,0,100,'2017-09-26'),(1849,119,100,0,100,'2017-09-26'),(1850,120,100,0,100,'2017-09-26'),(1851,121,100,0,100,'2017-09-26'),(1852,122,100,0,100,'2017-09-26'),(1853,123,100,0,100,'2017-09-26'),(1854,124,100,0,100,'2017-09-26'),(1855,125,100,0,100,'2017-09-26'),(1856,126,100,0,100,'2017-09-26'),(1857,127,100,0,100,'2017-09-26'),(1858,128,100,0,100,'2017-09-26'),(1859,129,100,0,100,'2017-09-26'),(1860,130,100,0,100,'2017-09-26'),(1861,131,100,0,100,'2017-09-26'),(1862,132,100,0,100,'2017-09-26'),(1863,133,100,0,100,'2017-09-26'),(1864,134,100,0,100,'2017-09-26'),(1865,135,100,0,100,'2017-09-26'),(1866,136,100,0,100,'2017-09-26'),(1867,137,100,0,100,'2017-09-26'),(1868,138,100,0,100,'2017-09-26'),(1869,139,100,0,100,'2017-09-26'),(1870,140,100,0,100,'2017-09-26'),(1871,141,110,0,110,'2017-09-26'),(1872,142,100,0,100,'2017-09-26'),(1873,143,100,0,100,'2017-09-26'),(1874,144,100,0,100,'2017-09-26'),(1875,145,100,0,100,'2017-09-26'),(1876,146,121,0,121,'2017-09-26'),(1877,147,100,0,100,'2017-09-26'),(1878,148,100,0,100,'2017-09-26'),(1879,149,100,0,100,'2017-09-26'),(1880,150,100,0,100,'2017-09-26'),(1881,151,100,0,100,'2017-09-26'),(1882,152,100,0,100,'2017-09-26'),(1883,153,100,0,100,'2017-09-26'),(1884,154,100,0,100,'2017-09-26'),(1885,155,100,0,100,'2017-09-26'),(1886,156,100,0,100,'2017-09-26'),(1887,157,100,0,100,'2017-09-26'),(1888,158,100,0,100,'2017-09-26'),(1889,159,100,0,100,'2017-09-26'),(1890,160,100,0,100,'2017-09-26'),(1891,161,100,0,100,'2017-09-26'),(1892,162,100,0,100,'2017-09-26'),(1893,163,100,0,100,'2017-09-26'),(1894,164,100,0,100,'2017-09-26'),(1895,165,100,0,100,'2017-09-26'),(1896,166,100,0,100,'2017-09-26'),(1897,167,100,0,100,'2017-09-26'),(1898,168,100,0,100,'2017-09-26'),(1899,96,89,0,89,'2017-09-27'),(1900,97,72,0,72,'2017-09-27'),(1901,98,90,0,90,'2017-09-27'),(1902,99,89,0,89,'2017-09-27'),(1903,100,100,0,100,'2017-09-27'),(1904,101,100,0,100,'2017-09-27'),(1905,102,100,0,100,'2017-09-27'),(1906,103,100,0,100,'2017-09-27'),(1907,104,100,0,100,'2017-09-27'),(1908,105,100,0,100,'2017-09-27'),(1909,106,100,0,100,'2017-09-27'),(1910,107,100,0,100,'2017-09-27'),(1911,108,100,0,100,'2017-09-27'),(1912,109,100,0,100,'2017-09-27'),(1913,110,110,0,110,'2017-09-27'),(1914,111,100,0,100,'2017-09-27'),(1915,112,100,0,100,'2017-09-27'),(1916,113,100,0,100,'2017-09-27'),(1917,114,100,0,100,'2017-09-27'),(1918,115,100,0,100,'2017-09-27'),(1919,116,100,0,100,'2017-09-27'),(1920,117,100,0,100,'2017-09-27'),(1921,118,100,0,100,'2017-09-27'),(1922,119,100,0,100,'2017-09-27'),(1923,120,100,0,100,'2017-09-27'),(1924,121,100,0,100,'2017-09-27'),(1925,122,100,0,100,'2017-09-27'),(1926,123,100,0,100,'2017-09-27'),(1927,124,100,0,100,'2017-09-27'),(1928,125,100,0,100,'2017-09-27'),(1929,126,100,0,100,'2017-09-27'),(1930,127,100,0,100,'2017-09-27'),(1931,128,100,0,100,'2017-09-27'),(1932,129,100,0,100,'2017-09-27'),(1933,130,100,0,100,'2017-09-27'),(1934,131,100,0,100,'2017-09-27'),(1935,132,100,0,100,'2017-09-27'),(1936,133,100,0,100,'2017-09-27'),(1937,134,100,0,100,'2017-09-27'),(1938,135,100,0,100,'2017-09-27'),(1939,136,100,0,100,'2017-09-27'),(1940,137,100,0,100,'2017-09-27'),(1941,138,100,0,100,'2017-09-27'),(1942,139,100,0,100,'2017-09-27'),(1943,140,100,0,100,'2017-09-27'),(1944,141,110,0,110,'2017-09-27'),(1945,142,100,0,100,'2017-09-27'),(1946,143,100,0,100,'2017-09-27'),(1947,144,100,0,100,'2017-09-27'),(1948,145,100,0,100,'2017-09-27'),(1949,146,121,0,121,'2017-09-27'),(1950,147,100,0,100,'2017-09-27'),(1951,148,100,0,100,'2017-09-27'),(1952,149,100,0,100,'2017-09-27'),(1953,150,100,0,100,'2017-09-27'),(1954,151,100,0,100,'2017-09-27'),(1955,152,100,0,100,'2017-09-27'),(1956,153,100,0,100,'2017-09-27'),(1957,154,100,0,100,'2017-09-27'),(1958,155,100,0,100,'2017-09-27'),(1959,156,100,0,100,'2017-09-27'),(1960,157,100,0,100,'2017-09-27'),(1961,158,100,0,100,'2017-09-27'),(1962,159,100,0,100,'2017-09-27'),(1963,160,100,0,100,'2017-09-27'),(1964,161,100,0,100,'2017-09-27'),(1965,162,100,0,100,'2017-09-27'),(1966,163,100,0,100,'2017-09-27'),(1967,164,100,0,100,'2017-09-27'),(1968,165,100,0,100,'2017-09-27'),(1969,166,100,0,100,'2017-09-27'),(1970,167,100,0,100,'2017-09-27'),(1971,168,100,0,100,'2017-09-27'),(1972,96,89,0,89,'2017-09-28'),(1973,97,72,0,72,'2017-09-28'),(1974,98,90,0,90,'2017-09-28'),(1975,99,89,0,89,'2017-09-28'),(1976,100,100,0,100,'2017-09-28'),(1977,101,100,0,100,'2017-09-28'),(1978,102,100,0,100,'2017-09-28'),(1979,103,100,0,100,'2017-09-28'),(1980,104,100,0,100,'2017-09-28'),(1981,105,100,0,100,'2017-09-28'),(1982,106,100,0,100,'2017-09-28'),(1983,107,100,0,100,'2017-09-28'),(1984,108,100,0,100,'2017-09-28'),(1985,109,100,0,100,'2017-09-28'),(1986,110,110,0,110,'2017-09-28'),(1987,111,100,0,100,'2017-09-28'),(1988,112,100,0,100,'2017-09-28'),(1989,113,100,0,100,'2017-09-28'),(1990,114,100,0,100,'2017-09-28'),(1991,115,100,0,100,'2017-09-28'),(1992,116,100,0,100,'2017-09-28'),(1993,117,100,0,100,'2017-09-28'),(1994,118,100,0,100,'2017-09-28'),(1995,119,100,0,100,'2017-09-28'),(1996,120,100,0,100,'2017-09-28'),(1997,121,100,0,100,'2017-09-28'),(1998,122,100,0,100,'2017-09-28'),(1999,123,100,0,100,'2017-09-28'),(2000,124,100,0,100,'2017-09-28'),(2001,125,100,0,100,'2017-09-28'),(2002,126,100,0,100,'2017-09-28'),(2003,127,100,0,100,'2017-09-28'),(2004,128,100,0,100,'2017-09-28'),(2005,129,100,0,100,'2017-09-28'),(2006,130,100,0,100,'2017-09-28'),(2007,131,100,0,100,'2017-09-28'),(2008,132,100,0,100,'2017-09-28'),(2009,133,100,0,100,'2017-09-28'),(2010,134,100,0,100,'2017-09-28'),(2011,135,100,0,100,'2017-09-28'),(2012,136,100,0,100,'2017-09-28'),(2013,137,100,0,100,'2017-09-28'),(2014,138,100,0,100,'2017-09-28'),(2015,139,100,0,100,'2017-09-28'),(2016,140,100,0,100,'2017-09-28'),(2017,141,110,0,110,'2017-09-28'),(2018,142,100,0,100,'2017-09-28'),(2019,143,100,0,100,'2017-09-28'),(2020,144,100,0,100,'2017-09-28'),(2021,145,100,0,100,'2017-09-28'),(2022,146,121,0,121,'2017-09-28'),(2023,147,100,0,100,'2017-09-28'),(2024,148,100,0,100,'2017-09-28'),(2025,149,100,0,100,'2017-09-28'),(2026,150,100,0,100,'2017-09-28'),(2027,151,100,0,100,'2017-09-28'),(2028,152,100,0,100,'2017-09-28'),(2029,153,100,0,100,'2017-09-28'),(2030,154,100,0,100,'2017-09-28'),(2031,155,100,0,100,'2017-09-28'),(2032,156,100,0,100,'2017-09-28'),(2033,157,100,0,100,'2017-09-28'),(2034,158,100,0,100,'2017-09-28'),(2035,159,100,0,100,'2017-09-28'),(2036,160,100,0,100,'2017-09-28'),(2037,161,100,0,100,'2017-09-28'),(2038,162,100,0,100,'2017-09-28'),(2039,163,100,0,100,'2017-09-28'),(2040,164,100,0,100,'2017-09-28'),(2041,165,100,0,100,'2017-09-28'),(2042,166,100,0,100,'2017-09-28'),(2043,167,100,0,100,'2017-09-28'),(2044,168,100,0,100,'2017-09-28'),(2045,96,89,0,89,'2017-09-29'),(2046,97,72,0,72,'2017-09-29'),(2047,98,90,0,90,'2017-09-29'),(2048,99,89,0,89,'2017-09-29'),(2049,100,100,0,100,'2017-09-29'),(2050,101,100,0,100,'2017-09-29'),(2051,102,100,0,100,'2017-09-29'),(2052,103,100,0,100,'2017-09-29'),(2053,104,100,0,100,'2017-09-29'),(2054,105,100,0,100,'2017-09-29'),(2055,106,100,0,100,'2017-09-29'),(2056,107,100,0,100,'2017-09-29'),(2057,108,100,0,100,'2017-09-29'),(2058,109,100,0,100,'2017-09-29'),(2059,110,110,0,110,'2017-09-29'),(2060,111,100,0,100,'2017-09-29'),(2061,112,100,0,100,'2017-09-29'),(2062,113,100,0,100,'2017-09-29'),(2063,114,100,0,100,'2017-09-29'),(2064,115,100,0,100,'2017-09-29'),(2065,116,100,0,100,'2017-09-29'),(2066,117,100,0,100,'2017-09-29'),(2067,118,100,0,100,'2017-09-29'),(2068,119,100,0,100,'2017-09-29'),(2069,120,100,0,100,'2017-09-29'),(2070,121,100,0,100,'2017-09-29'),(2071,122,100,0,100,'2017-09-29'),(2072,123,100,0,100,'2017-09-29'),(2073,124,100,0,100,'2017-09-29'),(2074,125,100,0,100,'2017-09-29'),(2075,126,100,0,100,'2017-09-29'),(2076,127,100,0,100,'2017-09-29'),(2077,128,100,0,100,'2017-09-29'),(2078,129,100,0,100,'2017-09-29'),(2079,130,100,0,100,'2017-09-29'),(2080,131,100,0,100,'2017-09-29'),(2081,132,100,0,100,'2017-09-29'),(2082,133,100,0,100,'2017-09-29'),(2083,134,100,0,100,'2017-09-29'),(2084,135,100,0,100,'2017-09-29'),(2085,136,100,0,100,'2017-09-29'),(2086,137,100,0,100,'2017-09-29'),(2087,138,100,0,100,'2017-09-29'),(2088,139,100,0,100,'2017-09-29'),(2089,140,100,0,100,'2017-09-29'),(2090,141,110,0,110,'2017-09-29'),(2091,142,100,0,100,'2017-09-29'),(2092,143,100,0,100,'2017-09-29'),(2093,144,100,0,100,'2017-09-29'),(2094,145,100,0,100,'2017-09-29'),(2095,146,121,0,121,'2017-09-29'),(2096,147,100,0,100,'2017-09-29'),(2097,148,100,0,100,'2017-09-29'),(2098,149,100,0,100,'2017-09-29'),(2099,150,100,0,100,'2017-09-29'),(2100,151,100,0,100,'2017-09-29'),(2101,152,100,0,100,'2017-09-29'),(2102,153,100,0,100,'2017-09-29'),(2103,154,100,0,100,'2017-09-29'),(2104,155,100,0,100,'2017-09-29'),(2105,156,100,0,100,'2017-09-29'),(2106,157,100,0,100,'2017-09-29'),(2107,158,100,0,100,'2017-09-29'),(2108,159,100,0,100,'2017-09-29'),(2109,160,100,0,100,'2017-09-29'),(2110,161,100,0,100,'2017-09-29'),(2111,162,100,0,100,'2017-09-29'),(2112,163,100,0,100,'2017-09-29'),(2113,164,100,0,100,'2017-09-29'),(2114,165,100,0,100,'2017-09-29'),(2115,166,100,0,100,'2017-09-29'),(2116,167,100,0,100,'2017-09-29'),(2117,168,100,0,100,'2017-09-29'),(2118,96,89,0,89,'2017-09-30'),(2119,97,72,0,72,'2017-09-30'),(2120,98,90,0,90,'2017-09-30'),(2121,99,89,0,89,'2017-09-30'),(2122,100,100,0,100,'2017-09-30'),(2123,101,100,0,100,'2017-09-30'),(2124,102,100,0,100,'2017-09-30'),(2125,103,100,0,100,'2017-09-30'),(2126,104,100,0,100,'2017-09-30'),(2127,105,100,0,100,'2017-09-30'),(2128,106,100,0,100,'2017-09-30'),(2129,107,100,0,100,'2017-09-30'),(2130,108,100,0,100,'2017-09-30'),(2131,109,100,0,100,'2017-09-30'),(2132,110,110,0,110,'2017-09-30'),(2133,111,100,0,100,'2017-09-30'),(2134,112,100,0,100,'2017-09-30'),(2135,113,100,0,100,'2017-09-30'),(2136,114,100,0,100,'2017-09-30'),(2137,115,100,0,100,'2017-09-30'),(2138,116,100,0,100,'2017-09-30'),(2139,117,100,0,100,'2017-09-30'),(2140,118,100,0,100,'2017-09-30'),(2141,119,100,0,100,'2017-09-30'),(2142,120,100,0,100,'2017-09-30'),(2143,121,100,0,100,'2017-09-30'),(2144,122,100,0,100,'2017-09-30'),(2145,123,100,0,100,'2017-09-30'),(2146,124,100,0,100,'2017-09-30'),(2147,125,100,0,100,'2017-09-30'),(2148,126,100,0,100,'2017-09-30'),(2149,127,100,0,100,'2017-09-30'),(2150,128,100,0,100,'2017-09-30'),(2151,129,100,0,100,'2017-09-30'),(2152,130,100,0,100,'2017-09-30'),(2153,131,100,0,100,'2017-09-30'),(2154,132,100,0,100,'2017-09-30'),(2155,133,100,0,100,'2017-09-30'),(2156,134,100,0,100,'2017-09-30'),(2157,135,100,0,100,'2017-09-30'),(2158,136,100,0,100,'2017-09-30'),(2159,137,100,0,100,'2017-09-30'),(2160,138,100,0,100,'2017-09-30'),(2161,139,100,0,100,'2017-09-30'),(2162,140,100,0,100,'2017-09-30'),(2163,141,110,0,110,'2017-09-30'),(2164,142,100,0,100,'2017-09-30'),(2165,143,100,0,100,'2017-09-30'),(2166,144,100,0,100,'2017-09-30'),(2167,145,100,0,100,'2017-09-30'),(2168,146,121,0,121,'2017-09-30'),(2169,147,100,0,100,'2017-09-30'),(2170,148,100,0,100,'2017-09-30'),(2171,149,100,0,100,'2017-09-30'),(2172,150,100,0,100,'2017-09-30'),(2173,151,100,0,100,'2017-09-30'),(2174,152,100,0,100,'2017-09-30'),(2175,153,100,0,100,'2017-09-30'),(2176,154,100,0,100,'2017-09-30'),(2177,155,100,0,100,'2017-09-30'),(2178,156,100,0,100,'2017-09-30'),(2179,157,100,0,100,'2017-09-30'),(2180,158,100,0,100,'2017-09-30'),(2181,159,100,0,100,'2017-09-30'),(2182,160,100,0,100,'2017-09-30'),(2183,161,100,0,100,'2017-09-30'),(2184,162,100,0,100,'2017-09-30'),(2185,163,100,0,100,'2017-09-30'),(2186,164,100,0,100,'2017-09-30'),(2187,165,100,0,100,'2017-09-30'),(2188,166,100,0,100,'2017-09-30'),(2189,167,100,0,100,'2017-09-30'),(2190,168,100,0,100,'2017-09-30'),(2191,96,89,0,89,'2017-10-01'),(2192,97,72,0,72,'2017-10-01'),(2193,98,90,0,90,'2017-10-01'),(2194,99,89,0,89,'2017-10-01'),(2195,100,100,0,100,'2017-10-01'),(2196,101,100,0,100,'2017-10-01'),(2197,102,100,0,100,'2017-10-01'),(2198,103,100,0,100,'2017-10-01'),(2199,104,100,0,100,'2017-10-01'),(2200,105,100,0,100,'2017-10-01'),(2201,106,100,0,100,'2017-10-01'),(2202,107,100,0,100,'2017-10-01'),(2203,108,100,0,100,'2017-10-01'),(2204,109,100,0,100,'2017-10-01'),(2205,110,110,0,110,'2017-10-01'),(2206,111,100,0,100,'2017-10-01'),(2207,112,100,0,100,'2017-10-01'),(2208,113,100,0,100,'2017-10-01'),(2209,114,100,0,100,'2017-10-01'),(2210,115,100,0,100,'2017-10-01'),(2211,116,100,0,100,'2017-10-01'),(2212,117,100,0,100,'2017-10-01'),(2213,118,100,0,100,'2017-10-01'),(2214,119,100,0,100,'2017-10-01'),(2215,120,100,0,100,'2017-10-01'),(2216,121,100,0,100,'2017-10-01'),(2217,122,100,0,100,'2017-10-01'),(2218,123,100,0,100,'2017-10-01'),(2219,124,100,0,100,'2017-10-01'),(2220,125,100,0,100,'2017-10-01'),(2221,126,100,0,100,'2017-10-01'),(2222,127,100,0,100,'2017-10-01'),(2223,128,100,0,100,'2017-10-01'),(2224,129,100,0,100,'2017-10-01'),(2225,130,100,0,100,'2017-10-01'),(2226,131,100,0,100,'2017-10-01'),(2227,132,100,0,100,'2017-10-01'),(2228,133,100,0,100,'2017-10-01'),(2229,134,100,0,100,'2017-10-01'),(2230,135,100,0,100,'2017-10-01'),(2231,136,100,0,100,'2017-10-01'),(2232,137,100,0,100,'2017-10-01'),(2233,138,100,0,100,'2017-10-01'),(2234,139,100,0,100,'2017-10-01'),(2235,140,100,0,100,'2017-10-01'),(2236,141,110,0,110,'2017-10-01'),(2237,142,100,0,100,'2017-10-01'),(2238,143,100,0,100,'2017-10-01'),(2239,144,100,0,100,'2017-10-01'),(2240,145,100,0,100,'2017-10-01'),(2241,146,121,0,121,'2017-10-01'),(2242,147,100,0,100,'2017-10-01'),(2243,148,100,0,100,'2017-10-01'),(2244,149,100,0,100,'2017-10-01'),(2245,150,100,0,100,'2017-10-01'),(2246,151,100,0,100,'2017-10-01'),(2247,152,100,0,100,'2017-10-01'),(2248,153,100,0,100,'2017-10-01'),(2249,154,100,0,100,'2017-10-01'),(2250,155,100,0,100,'2017-10-01'),(2251,156,100,0,100,'2017-10-01'),(2252,157,100,0,100,'2017-10-01'),(2253,158,100,0,100,'2017-10-01'),(2254,159,100,0,100,'2017-10-01'),(2255,160,100,0,100,'2017-10-01'),(2256,161,100,0,100,'2017-10-01'),(2257,162,100,0,100,'2017-10-01'),(2258,163,100,0,100,'2017-10-01'),(2259,164,100,0,100,'2017-10-01'),(2260,165,100,0,100,'2017-10-01'),(2261,166,100,0,100,'2017-10-01'),(2262,167,100,0,100,'2017-10-01'),(2263,168,100,0,100,'2017-10-01'),(2264,96,89,0,89,'2017-10-02'),(2265,97,72,0,72,'2017-10-02'),(2266,98,90,0,90,'2017-10-02'),(2267,99,89,0,89,'2017-10-02'),(2268,100,100,0,100,'2017-10-02'),(2269,101,100,0,100,'2017-10-02'),(2270,102,100,0,100,'2017-10-02'),(2271,103,100,0,100,'2017-10-02'),(2272,104,100,0,100,'2017-10-02'),(2273,105,100,0,100,'2017-10-02'),(2274,106,100,0,100,'2017-10-02'),(2275,107,100,0,100,'2017-10-02'),(2276,108,100,0,100,'2017-10-02'),(2277,109,100,0,100,'2017-10-02'),(2278,110,110,0,110,'2017-10-02'),(2279,111,100,0,100,'2017-10-02'),(2280,112,100,0,100,'2017-10-02'),(2281,113,100,0,100,'2017-10-02'),(2282,114,100,0,100,'2017-10-02'),(2283,115,100,0,100,'2017-10-02'),(2284,116,100,0,100,'2017-10-02'),(2285,117,100,0,100,'2017-10-02'),(2286,118,100,0,100,'2017-10-02'),(2287,119,100,0,100,'2017-10-02'),(2288,120,100,0,100,'2017-10-02'),(2289,121,100,0,100,'2017-10-02'),(2290,122,100,0,100,'2017-10-02'),(2291,123,100,0,100,'2017-10-02'),(2292,124,100,0,100,'2017-10-02'),(2293,125,100,0,100,'2017-10-02'),(2294,126,100,0,100,'2017-10-02'),(2295,127,100,0,100,'2017-10-02'),(2296,128,100,0,100,'2017-10-02'),(2297,129,100,0,100,'2017-10-02'),(2298,130,100,0,100,'2017-10-02'),(2299,131,100,0,100,'2017-10-02'),(2300,132,100,0,100,'2017-10-02'),(2301,133,100,0,100,'2017-10-02'),(2302,134,100,0,100,'2017-10-02'),(2303,135,100,0,100,'2017-10-02'),(2304,136,100,0,100,'2017-10-02'),(2305,137,100,0,100,'2017-10-02'),(2306,138,100,0,100,'2017-10-02'),(2307,139,100,0,100,'2017-10-02'),(2308,140,100,0,100,'2017-10-02'),(2309,141,110,0,110,'2017-10-02'),(2310,142,100,0,100,'2017-10-02'),(2311,143,100,0,100,'2017-10-02'),(2312,144,100,0,100,'2017-10-02'),(2313,145,100,0,100,'2017-10-02'),(2314,146,121,0,121,'2017-10-02'),(2315,147,100,0,100,'2017-10-02'),(2316,148,100,0,100,'2017-10-02'),(2317,149,100,0,100,'2017-10-02'),(2318,150,100,0,100,'2017-10-02'),(2319,151,100,0,100,'2017-10-02'),(2320,152,100,0,100,'2017-10-02'),(2321,153,100,0,100,'2017-10-02'),(2322,154,100,0,100,'2017-10-02'),(2323,155,100,0,100,'2017-10-02'),(2324,156,100,0,100,'2017-10-02'),(2325,157,100,0,100,'2017-10-02'),(2326,158,100,0,100,'2017-10-02'),(2327,159,100,0,100,'2017-10-02'),(2328,160,100,0,100,'2017-10-02'),(2329,161,100,0,100,'2017-10-02'),(2330,162,100,0,100,'2017-10-02'),(2331,163,100,0,100,'2017-10-02'),(2332,164,100,0,100,'2017-10-02'),(2333,165,100,0,100,'2017-10-02'),(2334,166,100,0,100,'2017-10-02'),(2335,167,100,0,100,'2017-10-02'),(2336,168,100,0,100,'2017-10-02'),(2337,96,89,0,89,'2017-10-03'),(2338,97,72,0,66,'2017-10-03'),(2339,98,90,0,90,'2017-10-03'),(2340,99,89,0,87,'2017-10-03'),(2341,100,100,0,100,'2017-10-03'),(2342,101,100,0,100,'2017-10-03'),(2343,102,100,0,100,'2017-10-03'),(2344,103,100,0,100,'2017-10-03'),(2345,104,100,0,100,'2017-10-03'),(2346,105,100,0,100,'2017-10-03'),(2347,106,100,0,100,'2017-10-03'),(2348,107,100,0,100,'2017-10-03'),(2349,108,100,0,100,'2017-10-03'),(2350,109,100,0,100,'2017-10-03'),(2351,110,110,0,110,'2017-10-03'),(2352,111,100,0,100,'2017-10-03'),(2353,112,100,0,100,'2017-10-03'),(2354,113,100,0,100,'2017-10-03'),(2355,114,100,0,100,'2017-10-03'),(2356,115,100,0,100,'2017-10-03'),(2357,116,100,0,100,'2017-10-03'),(2358,117,100,0,100,'2017-10-03'),(2359,118,100,0,100,'2017-10-03'),(2360,119,100,0,100,'2017-10-03'),(2361,120,100,0,100,'2017-10-03'),(2362,121,100,0,100,'2017-10-03'),(2363,122,100,0,100,'2017-10-03'),(2364,123,100,0,100,'2017-10-03'),(2365,124,100,0,100,'2017-10-03'),(2366,125,100,0,100,'2017-10-03'),(2367,126,100,0,100,'2017-10-03'),(2368,127,100,0,100,'2017-10-03'),(2369,128,100,0,100,'2017-10-03'),(2370,129,100,0,100,'2017-10-03'),(2371,130,100,0,100,'2017-10-03'),(2372,131,100,0,100,'2017-10-03'),(2373,132,100,0,100,'2017-10-03'),(2374,133,100,0,100,'2017-10-03'),(2375,134,100,0,100,'2017-10-03'),(2376,135,100,0,100,'2017-10-03'),(2377,136,100,0,100,'2017-10-03'),(2378,137,100,0,100,'2017-10-03'),(2379,138,100,0,100,'2017-10-03'),(2380,139,100,0,100,'2017-10-03'),(2381,140,100,0,100,'2017-10-03'),(2382,141,110,0,110,'2017-10-03'),(2383,142,100,0,100,'2017-10-03'),(2384,143,100,0,100,'2017-10-03'),(2385,144,100,0,100,'2017-10-03'),(2386,145,100,0,100,'2017-10-03'),(2387,146,121,0,121,'2017-10-03'),(2388,147,100,0,100,'2017-10-03'),(2389,148,100,0,100,'2017-10-03'),(2390,149,100,0,100,'2017-10-03'),(2391,150,100,0,100,'2017-10-03'),(2392,151,100,0,100,'2017-10-03'),(2393,152,100,0,100,'2017-10-03'),(2394,153,100,0,100,'2017-10-03'),(2395,154,100,0,100,'2017-10-03'),(2396,155,100,0,100,'2017-10-03'),(2397,156,100,0,100,'2017-10-03'),(2398,157,100,0,100,'2017-10-03'),(2399,158,100,0,100,'2017-10-03'),(2400,159,100,0,100,'2017-10-03'),(2401,160,100,0,100,'2017-10-03'),(2402,161,100,0,100,'2017-10-03'),(2403,162,100,0,100,'2017-10-03'),(2404,163,100,0,100,'2017-10-03'),(2405,164,100,0,100,'2017-10-03'),(2406,165,100,0,100,'2017-10-03'),(2407,166,100,0,100,'2017-10-03'),(2408,167,100,0,100,'2017-10-03'),(2409,168,100,0,100,'2017-10-03'),(2410,96,89,0,89,'2017-10-04'),(2411,97,66,0,66,'2017-10-04'),(2412,98,90,0,90,'2017-10-04'),(2413,99,87,0,87,'2017-10-04'),(2414,100,100,0,100,'2017-10-04'),(2415,101,100,0,100,'2017-10-04'),(2416,102,100,0,100,'2017-10-04'),(2417,103,100,0,100,'2017-10-04'),(2418,104,100,0,100,'2017-10-04'),(2419,105,100,0,100,'2017-10-04'),(2420,106,100,0,100,'2017-10-04'),(2421,107,100,0,100,'2017-10-04'),(2422,108,100,0,100,'2017-10-04'),(2423,109,100,0,100,'2017-10-04'),(2424,110,110,0,110,'2017-10-04'),(2425,111,100,0,100,'2017-10-04'),(2426,112,100,0,100,'2017-10-04'),(2427,113,100,0,100,'2017-10-04'),(2428,114,100,0,100,'2017-10-04'),(2429,115,100,0,100,'2017-10-04'),(2430,116,100,0,100,'2017-10-04'),(2431,117,100,0,100,'2017-10-04'),(2432,118,100,0,100,'2017-10-04'),(2433,119,100,0,100,'2017-10-04'),(2434,120,100,0,100,'2017-10-04'),(2435,121,100,0,100,'2017-10-04'),(2436,122,100,0,100,'2017-10-04'),(2437,123,100,0,100,'2017-10-04'),(2438,124,100,0,100,'2017-10-04'),(2439,125,100,0,100,'2017-10-04'),(2440,126,100,0,100,'2017-10-04'),(2441,127,100,0,100,'2017-10-04'),(2442,128,100,0,100,'2017-10-04'),(2443,129,100,0,100,'2017-10-04'),(2444,130,100,0,100,'2017-10-04'),(2445,131,100,0,100,'2017-10-04'),(2446,132,100,0,100,'2017-10-04'),(2447,133,100,0,100,'2017-10-04'),(2448,134,100,0,100,'2017-10-04'),(2449,135,100,0,100,'2017-10-04'),(2450,136,100,0,100,'2017-10-04'),(2451,137,100,0,100,'2017-10-04'),(2452,138,100,0,100,'2017-10-04'),(2453,139,100,0,100,'2017-10-04'),(2454,140,100,0,100,'2017-10-04'),(2455,141,110,0,110,'2017-10-04'),(2456,142,100,0,100,'2017-10-04'),(2457,143,100,0,100,'2017-10-04'),(2458,144,100,0,100,'2017-10-04'),(2459,145,100,0,100,'2017-10-04'),(2460,146,121,0,121,'2017-10-04'),(2461,147,100,0,100,'2017-10-04'),(2462,148,100,0,100,'2017-10-04'),(2463,149,100,0,100,'2017-10-04'),(2464,150,100,0,100,'2017-10-04'),(2465,151,100,0,100,'2017-10-04'),(2466,152,100,0,100,'2017-10-04'),(2467,153,100,0,100,'2017-10-04'),(2468,154,100,0,100,'2017-10-04'),(2469,155,100,0,100,'2017-10-04'),(2470,156,100,0,100,'2017-10-04'),(2471,157,100,0,100,'2017-10-04'),(2472,158,100,0,100,'2017-10-04'),(2473,159,100,0,100,'2017-10-04'),(2474,160,100,0,100,'2017-10-04'),(2475,161,100,0,100,'2017-10-04'),(2476,162,100,0,100,'2017-10-04'),(2477,163,100,0,100,'2017-10-04'),(2478,164,100,0,100,'2017-10-04'),(2479,165,100,0,100,'2017-10-04'),(2480,166,100,0,100,'2017-10-04'),(2481,167,100,0,100,'2017-10-04'),(2482,168,100,0,100,'2017-10-04'),(2483,96,89,0,89,'2017-10-05'),(2484,97,66,0,66,'2017-10-05'),(2485,98,90,0,90,'2017-10-05'),(2486,99,87,0,87,'2017-10-05'),(2487,100,100,0,100,'2017-10-05'),(2488,101,100,0,100,'2017-10-05'),(2489,102,100,0,100,'2017-10-05'),(2490,103,100,0,100,'2017-10-05'),(2491,104,100,0,100,'2017-10-05'),(2492,105,100,0,100,'2017-10-05'),(2493,106,100,0,100,'2017-10-05'),(2494,107,100,0,100,'2017-10-05'),(2495,108,100,0,100,'2017-10-05'),(2496,109,100,0,100,'2017-10-05'),(2497,110,110,0,110,'2017-10-05'),(2498,111,100,0,100,'2017-10-05'),(2499,112,100,0,100,'2017-10-05'),(2500,113,100,0,100,'2017-10-05'),(2501,114,100,0,100,'2017-10-05'),(2502,115,100,0,100,'2017-10-05'),(2503,116,100,0,100,'2017-10-05'),(2504,117,100,0,100,'2017-10-05'),(2505,118,100,0,100,'2017-10-05'),(2506,119,100,0,100,'2017-10-05'),(2507,120,100,0,100,'2017-10-05'),(2508,121,100,0,100,'2017-10-05'),(2509,122,100,0,100,'2017-10-05'),(2510,123,100,0,100,'2017-10-05'),(2511,124,100,0,100,'2017-10-05'),(2512,125,100,0,100,'2017-10-05'),(2513,126,100,0,100,'2017-10-05'),(2514,127,100,0,100,'2017-10-05'),(2515,128,100,0,100,'2017-10-05'),(2516,129,100,0,100,'2017-10-05'),(2517,130,100,0,100,'2017-10-05'),(2518,131,100,0,100,'2017-10-05'),(2519,132,100,0,100,'2017-10-05'),(2520,133,100,0,100,'2017-10-05'),(2521,134,100,0,100,'2017-10-05'),(2522,135,100,0,100,'2017-10-05'),(2523,136,100,0,100,'2017-10-05'),(2524,137,100,0,100,'2017-10-05'),(2525,138,100,0,100,'2017-10-05'),(2526,139,100,0,100,'2017-10-05'),(2527,140,100,0,100,'2017-10-05'),(2528,141,110,0,110,'2017-10-05'),(2529,142,100,0,100,'2017-10-05'),(2530,143,100,0,100,'2017-10-05'),(2531,144,100,0,100,'2017-10-05'),(2532,145,100,0,100,'2017-10-05'),(2533,146,121,0,121,'2017-10-05'),(2534,147,100,0,100,'2017-10-05'),(2535,148,100,0,100,'2017-10-05'),(2536,149,100,0,100,'2017-10-05'),(2537,150,100,0,100,'2017-10-05'),(2538,151,100,0,100,'2017-10-05'),(2539,152,100,0,100,'2017-10-05'),(2540,153,100,0,100,'2017-10-05'),(2541,154,100,0,100,'2017-10-05'),(2542,155,100,0,100,'2017-10-05'),(2543,156,100,0,100,'2017-10-05'),(2544,157,100,0,100,'2017-10-05'),(2545,158,100,0,100,'2017-10-05'),(2546,159,100,0,100,'2017-10-05'),(2547,160,100,0,100,'2017-10-05'),(2548,161,100,0,100,'2017-10-05'),(2549,162,100,0,100,'2017-10-05'),(2550,163,100,0,100,'2017-10-05'),(2551,164,100,0,100,'2017-10-05'),(2552,165,100,0,100,'2017-10-05'),(2553,166,100,0,100,'2017-10-05'),(2554,167,100,0,100,'2017-10-05'),(2555,168,100,0,100,'2017-10-05'),(2556,96,89,0,89,'2017-10-06'),(2557,97,66,0,66,'2017-10-06'),(2558,98,90,0,90,'2017-10-06'),(2559,99,87,0,87,'2017-10-06'),(2560,100,100,0,100,'2017-10-06'),(2561,101,100,0,100,'2017-10-06'),(2562,102,100,0,100,'2017-10-06'),(2563,103,100,0,100,'2017-10-06'),(2564,104,100,0,100,'2017-10-06'),(2565,105,100,0,100,'2017-10-06'),(2566,106,100,0,100,'2017-10-06'),(2567,107,100,0,100,'2017-10-06'),(2568,108,100,0,100,'2017-10-06'),(2569,109,100,0,100,'2017-10-06'),(2570,110,110,0,110,'2017-10-06'),(2571,111,100,0,100,'2017-10-06'),(2572,112,100,0,100,'2017-10-06'),(2573,113,100,0,100,'2017-10-06'),(2574,114,100,0,100,'2017-10-06'),(2575,115,100,0,100,'2017-10-06'),(2576,116,100,0,100,'2017-10-06'),(2577,117,100,0,100,'2017-10-06'),(2578,118,100,0,100,'2017-10-06'),(2579,119,100,0,100,'2017-10-06'),(2580,120,100,0,100,'2017-10-06'),(2581,121,100,0,100,'2017-10-06'),(2582,122,100,0,100,'2017-10-06'),(2583,123,100,0,100,'2017-10-06'),(2584,124,100,0,100,'2017-10-06'),(2585,125,100,0,100,'2017-10-06'),(2586,126,100,0,100,'2017-10-06'),(2587,127,100,0,100,'2017-10-06'),(2588,128,100,0,100,'2017-10-06'),(2589,129,100,0,100,'2017-10-06'),(2590,130,100,0,100,'2017-10-06'),(2591,131,100,0,100,'2017-10-06'),(2592,132,100,0,100,'2017-10-06'),(2593,133,100,0,100,'2017-10-06'),(2594,134,100,0,100,'2017-10-06'),(2595,135,100,0,100,'2017-10-06'),(2596,136,100,0,100,'2017-10-06'),(2597,137,100,0,100,'2017-10-06'),(2598,138,100,0,100,'2017-10-06'),(2599,139,100,0,100,'2017-10-06'),(2600,140,100,0,100,'2017-10-06'),(2601,141,110,0,110,'2017-10-06'),(2602,142,100,0,100,'2017-10-06'),(2603,143,100,0,100,'2017-10-06'),(2604,144,100,0,100,'2017-10-06'),(2605,145,100,0,100,'2017-10-06'),(2606,146,121,0,121,'2017-10-06'),(2607,147,100,0,100,'2017-10-06'),(2608,148,100,0,100,'2017-10-06'),(2609,149,100,0,100,'2017-10-06'),(2610,150,100,0,100,'2017-10-06'),(2611,151,100,0,100,'2017-10-06'),(2612,152,100,0,100,'2017-10-06'),(2613,153,100,0,100,'2017-10-06'),(2614,154,100,0,100,'2017-10-06'),(2615,155,100,0,100,'2017-10-06'),(2616,156,100,0,100,'2017-10-06'),(2617,157,100,0,100,'2017-10-06'),(2618,158,100,0,100,'2017-10-06'),(2619,159,100,0,100,'2017-10-06'),(2620,160,100,0,100,'2017-10-06'),(2621,161,100,0,100,'2017-10-06'),(2622,162,100,0,100,'2017-10-06'),(2623,163,100,0,100,'2017-10-06'),(2624,164,100,0,100,'2017-10-06'),(2625,165,100,0,100,'2017-10-06'),(2626,166,100,0,100,'2017-10-06'),(2627,167,100,0,100,'2017-10-06'),(2628,168,100,0,100,'2017-10-06'),(2629,96,89,0,89,'2017-10-07'),(2630,97,66,0,66,'2017-10-07'),(2631,98,90,0,90,'2017-10-07'),(2632,99,87,0,87,'2017-10-07'),(2633,100,100,0,100,'2017-10-07'),(2634,101,100,0,100,'2017-10-07'),(2635,102,100,0,100,'2017-10-07'),(2636,103,100,0,100,'2017-10-07'),(2637,104,100,0,100,'2017-10-07'),(2638,105,100,0,100,'2017-10-07'),(2639,106,100,0,100,'2017-10-07'),(2640,107,100,0,100,'2017-10-07'),(2641,108,100,0,100,'2017-10-07'),(2642,109,100,0,100,'2017-10-07'),(2643,110,110,0,110,'2017-10-07'),(2644,111,100,0,100,'2017-10-07'),(2645,112,100,0,100,'2017-10-07'),(2646,113,100,0,100,'2017-10-07'),(2647,114,100,0,100,'2017-10-07'),(2648,115,100,0,100,'2017-10-07'),(2649,116,100,0,100,'2017-10-07'),(2650,117,100,0,100,'2017-10-07'),(2651,118,100,0,100,'2017-10-07'),(2652,119,100,0,100,'2017-10-07'),(2653,120,100,0,100,'2017-10-07'),(2654,121,100,0,100,'2017-10-07'),(2655,122,100,0,100,'2017-10-07'),(2656,123,100,0,100,'2017-10-07'),(2657,124,100,0,100,'2017-10-07'),(2658,125,100,0,100,'2017-10-07'),(2659,126,100,0,100,'2017-10-07'),(2660,127,100,0,100,'2017-10-07'),(2661,128,100,0,100,'2017-10-07'),(2662,129,100,0,100,'2017-10-07'),(2663,130,100,0,100,'2017-10-07'),(2664,131,100,0,100,'2017-10-07'),(2665,132,100,0,100,'2017-10-07'),(2666,133,100,0,100,'2017-10-07'),(2667,134,100,0,100,'2017-10-07'),(2668,135,100,0,100,'2017-10-07'),(2669,136,100,0,100,'2017-10-07'),(2670,137,100,0,100,'2017-10-07'),(2671,138,100,0,100,'2017-10-07'),(2672,139,100,0,100,'2017-10-07'),(2673,140,100,0,100,'2017-10-07'),(2674,141,110,0,110,'2017-10-07'),(2675,142,100,0,100,'2017-10-07'),(2676,143,100,0,100,'2017-10-07'),(2677,144,100,0,100,'2017-10-07'),(2678,145,100,0,100,'2017-10-07'),(2679,146,121,0,121,'2017-10-07'),(2680,147,100,0,100,'2017-10-07'),(2681,148,100,0,100,'2017-10-07'),(2682,149,100,0,100,'2017-10-07'),(2683,150,100,0,100,'2017-10-07'),(2684,151,100,0,100,'2017-10-07'),(2685,152,100,0,100,'2017-10-07'),(2686,153,100,0,100,'2017-10-07'),(2687,154,100,0,100,'2017-10-07'),(2688,155,100,0,100,'2017-10-07'),(2689,156,100,0,100,'2017-10-07'),(2690,157,100,0,100,'2017-10-07'),(2691,158,100,0,100,'2017-10-07'),(2692,159,100,0,100,'2017-10-07'),(2693,160,100,0,100,'2017-10-07'),(2694,161,100,0,100,'2017-10-07'),(2695,162,100,0,100,'2017-10-07'),(2696,163,100,0,100,'2017-10-07'),(2697,164,100,0,100,'2017-10-07'),(2698,165,100,0,100,'2017-10-07'),(2699,166,100,0,100,'2017-10-07'),(2700,167,100,0,100,'2017-10-07'),(2701,168,100,0,100,'2017-10-07'),(2702,96,89,0,89,'2017-10-08'),(2703,97,66,0,66,'2017-10-08'),(2704,98,90,0,90,'2017-10-08'),(2705,99,87,0,87,'2017-10-08'),(2706,100,100,0,100,'2017-10-08'),(2707,101,100,0,100,'2017-10-08'),(2708,102,100,0,100,'2017-10-08'),(2709,103,100,0,100,'2017-10-08'),(2710,104,100,0,100,'2017-10-08'),(2711,105,100,0,100,'2017-10-08'),(2712,106,100,0,100,'2017-10-08'),(2713,107,100,0,100,'2017-10-08'),(2714,108,100,0,100,'2017-10-08'),(2715,109,100,0,100,'2017-10-08'),(2716,110,110,0,110,'2017-10-08'),(2717,111,100,0,100,'2017-10-08'),(2718,112,100,0,100,'2017-10-08'),(2719,113,100,0,100,'2017-10-08'),(2720,114,100,0,100,'2017-10-08'),(2721,115,100,0,100,'2017-10-08'),(2722,116,100,0,100,'2017-10-08'),(2723,117,100,0,100,'2017-10-08'),(2724,118,100,0,100,'2017-10-08'),(2725,119,100,0,100,'2017-10-08'),(2726,120,100,0,100,'2017-10-08'),(2727,121,100,0,100,'2017-10-08'),(2728,122,100,0,100,'2017-10-08'),(2729,123,100,0,100,'2017-10-08'),(2730,124,100,0,100,'2017-10-08'),(2731,125,100,0,100,'2017-10-08'),(2732,126,100,0,100,'2017-10-08'),(2733,127,100,0,100,'2017-10-08'),(2734,128,100,0,100,'2017-10-08'),(2735,129,100,0,100,'2017-10-08'),(2736,130,100,0,100,'2017-10-08'),(2737,131,100,0,100,'2017-10-08'),(2738,132,100,0,100,'2017-10-08'),(2739,133,100,0,100,'2017-10-08'),(2740,134,100,0,100,'2017-10-08'),(2741,135,100,0,100,'2017-10-08'),(2742,136,100,0,100,'2017-10-08'),(2743,137,100,0,100,'2017-10-08'),(2744,138,100,0,100,'2017-10-08'),(2745,139,100,0,100,'2017-10-08'),(2746,140,100,0,100,'2017-10-08'),(2747,141,110,0,110,'2017-10-08'),(2748,142,100,0,100,'2017-10-08'),(2749,143,100,0,100,'2017-10-08'),(2750,144,100,0,100,'2017-10-08'),(2751,145,100,0,100,'2017-10-08'),(2752,146,121,0,121,'2017-10-08'),(2753,147,100,0,100,'2017-10-08'),(2754,148,100,0,100,'2017-10-08'),(2755,149,100,0,100,'2017-10-08'),(2756,150,100,0,100,'2017-10-08'),(2757,151,100,0,100,'2017-10-08'),(2758,152,100,0,100,'2017-10-08'),(2759,153,100,0,100,'2017-10-08'),(2760,154,100,0,100,'2017-10-08'),(2761,155,100,0,100,'2017-10-08'),(2762,156,100,0,100,'2017-10-08'),(2763,157,100,0,100,'2017-10-08'),(2764,158,100,0,100,'2017-10-08'),(2765,159,100,0,100,'2017-10-08'),(2766,160,100,0,100,'2017-10-08'),(2767,161,100,0,100,'2017-10-08'),(2768,162,100,0,100,'2017-10-08'),(2769,163,100,0,100,'2017-10-08'),(2770,164,100,0,100,'2017-10-08'),(2771,165,100,0,100,'2017-10-08'),(2772,166,100,0,100,'2017-10-08'),(2773,167,100,0,100,'2017-10-08'),(2774,168,100,0,100,'2017-10-08'),(2775,96,89,0,89,'2017-10-09'),(2776,97,66,0,66,'2017-10-09'),(2777,98,90,0,90,'2017-10-09'),(2778,99,87,0,87,'2017-10-09'),(2779,100,100,0,100,'2017-10-09'),(2780,101,100,0,100,'2017-10-09'),(2781,102,100,0,100,'2017-10-09'),(2782,103,100,0,100,'2017-10-09'),(2783,104,100,0,100,'2017-10-09'),(2784,105,100,0,100,'2017-10-09'),(2785,106,100,0,100,'2017-10-09'),(2786,107,100,0,100,'2017-10-09'),(2787,108,100,0,100,'2017-10-09'),(2788,109,100,0,100,'2017-10-09'),(2789,110,110,0,110,'2017-10-09'),(2790,111,100,0,100,'2017-10-09'),(2791,112,100,0,100,'2017-10-09'),(2792,113,100,0,100,'2017-10-09'),(2793,114,100,0,100,'2017-10-09'),(2794,115,100,0,100,'2017-10-09'),(2795,116,100,0,100,'2017-10-09'),(2796,117,100,0,100,'2017-10-09'),(2797,118,100,0,100,'2017-10-09'),(2798,119,100,0,100,'2017-10-09'),(2799,120,100,0,100,'2017-10-09'),(2800,121,100,0,100,'2017-10-09'),(2801,122,100,0,100,'2017-10-09'),(2802,123,100,0,100,'2017-10-09'),(2803,124,100,0,100,'2017-10-09'),(2804,125,100,0,100,'2017-10-09'),(2805,126,100,0,100,'2017-10-09'),(2806,127,100,0,100,'2017-10-09'),(2807,128,100,0,100,'2017-10-09'),(2808,129,100,0,100,'2017-10-09'),(2809,130,100,0,100,'2017-10-09'),(2810,131,100,0,100,'2017-10-09'),(2811,132,100,0,100,'2017-10-09'),(2812,133,100,0,100,'2017-10-09'),(2813,134,100,0,100,'2017-10-09'),(2814,135,100,0,100,'2017-10-09'),(2815,136,100,0,100,'2017-10-09'),(2816,137,100,0,100,'2017-10-09'),(2817,138,100,0,100,'2017-10-09'),(2818,139,100,0,100,'2017-10-09'),(2819,140,100,0,100,'2017-10-09'),(2820,141,110,0,110,'2017-10-09'),(2821,142,100,0,100,'2017-10-09'),(2822,143,100,0,100,'2017-10-09'),(2823,144,100,0,100,'2017-10-09'),(2824,145,100,0,100,'2017-10-09'),(2825,146,121,0,121,'2017-10-09'),(2826,147,100,0,100,'2017-10-09'),(2827,148,100,0,100,'2017-10-09'),(2828,149,100,0,100,'2017-10-09'),(2829,150,100,0,100,'2017-10-09'),(2830,151,100,0,100,'2017-10-09'),(2831,152,100,0,100,'2017-10-09'),(2832,153,100,0,100,'2017-10-09'),(2833,154,100,0,100,'2017-10-09'),(2834,155,100,0,100,'2017-10-09'),(2835,156,100,0,100,'2017-10-09'),(2836,157,100,0,100,'2017-10-09'),(2837,158,100,0,100,'2017-10-09'),(2838,159,100,0,100,'2017-10-09'),(2839,160,100,0,100,'2017-10-09'),(2840,161,100,0,100,'2017-10-09'),(2841,162,100,0,100,'2017-10-09'),(2842,163,100,0,100,'2017-10-09'),(2843,164,100,0,100,'2017-10-09'),(2844,165,100,0,100,'2017-10-09'),(2845,166,100,0,100,'2017-10-09'),(2846,167,100,0,100,'2017-10-09'),(2847,168,100,0,100,'2017-10-09'),(2848,96,89,0,89,'2017-10-10'),(2849,97,66,0,66,'2017-10-10'),(2850,98,90,0,90,'2017-10-10'),(2851,99,87,0,87,'2017-10-10'),(2852,100,100,0,100,'2017-10-10'),(2853,101,100,0,100,'2017-10-10'),(2854,102,100,0,100,'2017-10-10'),(2855,103,100,0,100,'2017-10-10'),(2856,104,100,0,100,'2017-10-10'),(2857,105,100,0,100,'2017-10-10'),(2858,106,100,0,100,'2017-10-10'),(2859,107,100,0,100,'2017-10-10'),(2860,108,100,0,100,'2017-10-10'),(2861,109,100,0,100,'2017-10-10'),(2862,110,110,0,110,'2017-10-10'),(2863,111,100,0,100,'2017-10-10'),(2864,112,100,0,100,'2017-10-10'),(2865,113,100,0,100,'2017-10-10'),(2866,114,100,0,100,'2017-10-10'),(2867,115,100,0,100,'2017-10-10'),(2868,116,100,0,100,'2017-10-10'),(2869,117,100,0,100,'2017-10-10'),(2870,118,100,0,100,'2017-10-10'),(2871,119,100,0,100,'2017-10-10'),(2872,120,100,0,100,'2017-10-10'),(2873,121,100,0,100,'2017-10-10'),(2874,122,100,0,100,'2017-10-10'),(2875,123,100,0,100,'2017-10-10'),(2876,124,100,0,100,'2017-10-10'),(2877,125,100,0,100,'2017-10-10'),(2878,126,100,0,100,'2017-10-10'),(2879,127,100,0,100,'2017-10-10'),(2880,128,100,0,100,'2017-10-10'),(2881,129,100,0,100,'2017-10-10'),(2882,130,100,0,100,'2017-10-10'),(2883,131,100,0,100,'2017-10-10'),(2884,132,100,0,100,'2017-10-10'),(2885,133,100,0,100,'2017-10-10'),(2886,134,100,0,100,'2017-10-10'),(2887,135,100,0,100,'2017-10-10'),(2888,136,100,0,100,'2017-10-10'),(2889,137,100,0,100,'2017-10-10'),(2890,138,100,0,100,'2017-10-10'),(2891,139,100,0,100,'2017-10-10'),(2892,140,100,0,100,'2017-10-10'),(2893,141,110,0,110,'2017-10-10'),(2894,142,100,0,100,'2017-10-10'),(2895,143,100,0,100,'2017-10-10'),(2896,144,100,0,100,'2017-10-10'),(2897,145,100,0,100,'2017-10-10'),(2898,146,121,0,121,'2017-10-10'),(2899,147,100,0,100,'2017-10-10'),(2900,148,100,0,100,'2017-10-10'),(2901,149,100,0,100,'2017-10-10'),(2902,150,100,0,100,'2017-10-10'),(2903,151,100,0,100,'2017-10-10'),(2904,152,100,0,100,'2017-10-10'),(2905,153,100,0,100,'2017-10-10'),(2906,154,100,0,100,'2017-10-10'),(2907,155,100,0,100,'2017-10-10'),(2908,156,100,0,100,'2017-10-10'),(2909,157,100,0,100,'2017-10-10'),(2910,158,100,0,100,'2017-10-10'),(2911,159,100,0,100,'2017-10-10'),(2912,160,100,0,100,'2017-10-10'),(2913,161,100,0,100,'2017-10-10'),(2914,162,100,0,100,'2017-10-10'),(2915,163,100,0,100,'2017-10-10'),(2916,164,100,0,100,'2017-10-10'),(2917,165,100,0,100,'2017-10-10'),(2918,166,100,0,100,'2017-10-10'),(2919,167,100,0,100,'2017-10-10'),(2920,168,100,0,100,'2017-10-10'),(2921,96,89,0,89,'2017-10-11'),(2922,97,66,0,66,'2017-10-11'),(2923,98,90,0,90,'2017-10-11'),(2924,99,87,0,87,'2017-10-11'),(2925,100,100,0,100,'2017-10-11'),(2926,101,100,0,100,'2017-10-11'),(2927,102,100,0,100,'2017-10-11'),(2928,103,100,0,100,'2017-10-11'),(2929,104,100,0,100,'2017-10-11'),(2930,105,100,0,100,'2017-10-11'),(2931,106,100,0,100,'2017-10-11'),(2932,107,100,0,100,'2017-10-11'),(2933,108,100,0,100,'2017-10-11'),(2934,109,100,0,100,'2017-10-11'),(2935,110,110,0,110,'2017-10-11'),(2936,111,100,0,100,'2017-10-11'),(2937,112,100,0,100,'2017-10-11'),(2938,113,100,0,100,'2017-10-11'),(2939,114,100,0,100,'2017-10-11'),(2940,115,100,0,100,'2017-10-11'),(2941,116,100,0,100,'2017-10-11'),(2942,117,100,0,100,'2017-10-11'),(2943,118,100,0,100,'2017-10-11'),(2944,119,100,0,100,'2017-10-11'),(2945,120,100,0,100,'2017-10-11'),(2946,121,100,0,100,'2017-10-11'),(2947,122,100,0,100,'2017-10-11'),(2948,123,100,0,100,'2017-10-11'),(2949,124,100,0,100,'2017-10-11'),(2950,125,100,0,100,'2017-10-11'),(2951,126,100,0,100,'2017-10-11'),(2952,127,100,0,100,'2017-10-11'),(2953,128,100,0,100,'2017-10-11'),(2954,129,100,0,100,'2017-10-11'),(2955,130,100,0,100,'2017-10-11'),(2956,131,100,0,100,'2017-10-11'),(2957,132,100,0,100,'2017-10-11'),(2958,133,100,0,100,'2017-10-11'),(2959,134,100,0,100,'2017-10-11'),(2960,135,100,0,100,'2017-10-11'),(2961,136,100,0,100,'2017-10-11'),(2962,137,100,0,100,'2017-10-11'),(2963,138,100,0,100,'2017-10-11'),(2964,139,100,0,100,'2017-10-11'),(2965,140,100,0,100,'2017-10-11'),(2966,141,110,0,110,'2017-10-11'),(2967,142,100,0,100,'2017-10-11'),(2968,143,100,0,100,'2017-10-11'),(2969,144,100,0,100,'2017-10-11'),(2970,145,100,0,100,'2017-10-11'),(2971,146,121,0,121,'2017-10-11'),(2972,147,100,0,100,'2017-10-11'),(2973,148,100,0,100,'2017-10-11'),(2974,149,100,0,100,'2017-10-11'),(2975,150,100,0,100,'2017-10-11'),(2976,151,100,0,100,'2017-10-11'),(2977,152,100,0,100,'2017-10-11'),(2978,153,100,0,100,'2017-10-11'),(2979,154,100,0,100,'2017-10-11'),(2980,155,100,0,100,'2017-10-11'),(2981,156,100,0,100,'2017-10-11'),(2982,157,100,0,100,'2017-10-11'),(2983,158,100,0,100,'2017-10-11'),(2984,159,100,0,100,'2017-10-11'),(2985,160,100,0,100,'2017-10-11'),(2986,161,100,0,100,'2017-10-11'),(2987,162,100,0,100,'2017-10-11'),(2988,163,100,0,100,'2017-10-11'),(2989,164,100,0,100,'2017-10-11'),(2990,165,100,0,100,'2017-10-11'),(2991,166,100,0,100,'2017-10-11'),(2992,167,100,0,100,'2017-10-11'),(2993,168,100,0,100,'2017-10-11'),(2994,96,89,0,89,'2017-10-12'),(2995,97,66,0,66,'2017-10-12'),(2996,98,90,0,90,'2017-10-12'),(2997,99,87,0,87,'2017-10-12'),(2998,100,100,0,100,'2017-10-12'),(2999,101,100,0,100,'2017-10-12'),(3000,102,100,0,100,'2017-10-12'),(3001,103,100,0,100,'2017-10-12'),(3002,104,100,0,100,'2017-10-12'),(3003,105,100,0,100,'2017-10-12'),(3004,106,100,0,100,'2017-10-12'),(3005,107,100,0,100,'2017-10-12'),(3006,108,100,0,100,'2017-10-12'),(3007,109,100,0,100,'2017-10-12'),(3008,110,110,0,110,'2017-10-12'),(3009,111,100,0,100,'2017-10-12'),(3010,112,100,0,100,'2017-10-12'),(3011,113,100,0,100,'2017-10-12'),(3012,114,100,0,100,'2017-10-12'),(3013,115,100,0,100,'2017-10-12'),(3014,116,100,0,100,'2017-10-12'),(3015,117,100,0,100,'2017-10-12'),(3016,118,100,0,100,'2017-10-12'),(3017,119,100,0,100,'2017-10-12'),(3018,120,100,0,100,'2017-10-12'),(3019,121,100,0,100,'2017-10-12'),(3020,122,100,0,100,'2017-10-12'),(3021,123,100,0,100,'2017-10-12'),(3022,124,100,0,100,'2017-10-12'),(3023,125,100,0,100,'2017-10-12'),(3024,126,100,0,100,'2017-10-12'),(3025,127,100,0,100,'2017-10-12'),(3026,128,100,0,100,'2017-10-12'),(3027,129,100,0,100,'2017-10-12'),(3028,130,100,0,100,'2017-10-12'),(3029,131,100,0,100,'2017-10-12'),(3030,132,100,0,100,'2017-10-12'),(3031,133,100,0,100,'2017-10-12'),(3032,134,100,0,100,'2017-10-12'),(3033,135,100,0,100,'2017-10-12'),(3034,136,100,0,100,'2017-10-12'),(3035,137,100,0,100,'2017-10-12'),(3036,138,100,0,100,'2017-10-12'),(3037,139,100,0,100,'2017-10-12'),(3038,140,100,0,100,'2017-10-12'),(3039,141,110,0,110,'2017-10-12'),(3040,142,100,0,100,'2017-10-12'),(3041,143,100,0,100,'2017-10-12'),(3042,144,100,0,100,'2017-10-12'),(3043,145,100,0,100,'2017-10-12'),(3044,146,121,0,121,'2017-10-12'),(3045,147,100,0,100,'2017-10-12'),(3046,148,100,0,100,'2017-10-12'),(3047,149,100,0,100,'2017-10-12'),(3048,150,100,0,100,'2017-10-12'),(3049,151,100,0,100,'2017-10-12'),(3050,152,100,0,100,'2017-10-12'),(3051,153,100,0,100,'2017-10-12'),(3052,154,100,0,100,'2017-10-12'),(3053,155,100,0,100,'2017-10-12'),(3054,156,100,0,100,'2017-10-12'),(3055,157,100,0,100,'2017-10-12'),(3056,158,100,0,100,'2017-10-12'),(3057,159,100,0,100,'2017-10-12'),(3058,160,100,0,100,'2017-10-12'),(3059,161,100,0,100,'2017-10-12'),(3060,162,100,0,100,'2017-10-12'),(3061,163,100,0,100,'2017-10-12'),(3062,164,100,0,100,'2017-10-12'),(3063,165,100,0,100,'2017-10-12'),(3064,166,100,0,100,'2017-10-12'),(3065,167,100,0,100,'2017-10-12'),(3066,168,100,0,100,'2017-10-12'),(3067,96,89,0,89,'2017-10-13'),(3068,97,66,0,66,'2017-10-13'),(3069,98,90,0,90,'2017-10-13'),(3070,99,87,0,87,'2017-10-13'),(3071,100,100,0,100,'2017-10-13'),(3072,101,100,0,100,'2017-10-13'),(3073,102,100,0,100,'2017-10-13'),(3074,103,100,0,100,'2017-10-13'),(3075,104,100,0,100,'2017-10-13'),(3076,105,100,0,100,'2017-10-13'),(3077,106,100,0,100,'2017-10-13'),(3078,107,100,0,100,'2017-10-13'),(3079,108,100,0,100,'2017-10-13'),(3080,109,100,0,100,'2017-10-13'),(3081,110,110,0,110,'2017-10-13'),(3082,111,100,0,100,'2017-10-13'),(3083,112,100,0,100,'2017-10-13'),(3084,113,100,0,100,'2017-10-13'),(3085,114,100,0,100,'2017-10-13'),(3086,115,100,0,100,'2017-10-13'),(3087,116,100,0,100,'2017-10-13'),(3088,117,100,0,100,'2017-10-13'),(3089,118,100,0,100,'2017-10-13'),(3090,119,100,0,100,'2017-10-13'),(3091,120,100,0,100,'2017-10-13'),(3092,121,100,0,100,'2017-10-13'),(3093,122,100,0,100,'2017-10-13'),(3094,123,100,0,100,'2017-10-13'),(3095,124,100,0,100,'2017-10-13'),(3096,125,100,0,100,'2017-10-13'),(3097,126,100,0,100,'2017-10-13'),(3098,127,100,0,100,'2017-10-13'),(3099,128,100,0,100,'2017-10-13'),(3100,129,100,0,100,'2017-10-13'),(3101,130,100,0,100,'2017-10-13'),(3102,131,100,0,100,'2017-10-13'),(3103,132,100,0,100,'2017-10-13'),(3104,133,100,0,100,'2017-10-13'),(3105,134,100,0,100,'2017-10-13'),(3106,135,100,0,100,'2017-10-13'),(3107,136,100,0,100,'2017-10-13'),(3108,137,100,0,100,'2017-10-13'),(3109,138,100,0,100,'2017-10-13'),(3110,139,100,0,100,'2017-10-13'),(3111,140,100,0,100,'2017-10-13'),(3112,141,110,0,110,'2017-10-13'),(3113,142,100,0,100,'2017-10-13'),(3114,143,100,0,100,'2017-10-13'),(3115,144,100,0,100,'2017-10-13'),(3116,145,100,0,100,'2017-10-13'),(3117,146,121,0,121,'2017-10-13'),(3118,147,100,0,100,'2017-10-13'),(3119,148,100,0,100,'2017-10-13'),(3120,149,100,0,100,'2017-10-13'),(3121,150,100,0,100,'2017-10-13'),(3122,151,100,0,100,'2017-10-13'),(3123,152,100,0,100,'2017-10-13'),(3124,153,100,0,100,'2017-10-13'),(3125,154,100,0,100,'2017-10-13'),(3126,155,100,0,100,'2017-10-13'),(3127,156,100,0,100,'2017-10-13'),(3128,157,100,0,100,'2017-10-13'),(3129,158,100,0,100,'2017-10-13'),(3130,159,100,0,100,'2017-10-13'),(3131,160,100,0,100,'2017-10-13'),(3132,161,100,0,100,'2017-10-13'),(3133,162,100,0,100,'2017-10-13'),(3134,163,100,0,100,'2017-10-13'),(3135,164,100,0,100,'2017-10-13'),(3136,165,100,0,100,'2017-10-13'),(3137,166,100,0,100,'2017-10-13'),(3138,167,100,0,100,'2017-10-13'),(3139,168,100,0,100,'2017-10-13'),(3140,96,89,0,89,'2017-10-14'),(3141,97,66,0,66,'2017-10-14'),(3142,98,90,0,90,'2017-10-14'),(3143,99,87,0,87,'2017-10-14'),(3144,100,100,0,100,'2017-10-14'),(3145,101,100,0,100,'2017-10-14'),(3146,102,100,0,100,'2017-10-14'),(3147,103,100,0,100,'2017-10-14'),(3148,104,100,0,100,'2017-10-14'),(3149,105,100,0,100,'2017-10-14'),(3150,106,100,0,100,'2017-10-14'),(3151,107,100,0,100,'2017-10-14'),(3152,108,100,0,100,'2017-10-14'),(3153,109,100,0,100,'2017-10-14'),(3154,110,110,0,110,'2017-10-14'),(3155,111,100,0,100,'2017-10-14'),(3156,112,100,0,100,'2017-10-14'),(3157,113,100,0,100,'2017-10-14'),(3158,114,100,0,100,'2017-10-14'),(3159,115,100,0,100,'2017-10-14'),(3160,116,100,0,100,'2017-10-14'),(3161,117,100,0,100,'2017-10-14'),(3162,118,100,0,100,'2017-10-14'),(3163,119,100,0,100,'2017-10-14'),(3164,120,100,0,100,'2017-10-14'),(3165,121,100,0,100,'2017-10-14'),(3166,122,100,0,100,'2017-10-14'),(3167,123,100,0,100,'2017-10-14'),(3168,124,100,0,100,'2017-10-14'),(3169,125,100,0,100,'2017-10-14'),(3170,126,100,0,100,'2017-10-14'),(3171,127,100,0,100,'2017-10-14'),(3172,128,100,0,100,'2017-10-14'),(3173,129,100,0,100,'2017-10-14'),(3174,130,100,0,100,'2017-10-14'),(3175,131,100,0,100,'2017-10-14'),(3176,132,100,0,100,'2017-10-14'),(3177,133,100,0,100,'2017-10-14'),(3178,134,100,0,100,'2017-10-14'),(3179,135,100,0,100,'2017-10-14'),(3180,136,100,0,100,'2017-10-14'),(3181,137,100,0,100,'2017-10-14'),(3182,138,100,0,100,'2017-10-14'),(3183,139,100,0,100,'2017-10-14'),(3184,140,100,0,100,'2017-10-14'),(3185,141,110,0,110,'2017-10-14'),(3186,142,100,0,100,'2017-10-14'),(3187,143,100,0,100,'2017-10-14'),(3188,144,100,0,100,'2017-10-14'),(3189,145,100,0,100,'2017-10-14'),(3190,146,121,0,121,'2017-10-14'),(3191,147,100,0,100,'2017-10-14'),(3192,148,100,0,100,'2017-10-14'),(3193,149,100,0,100,'2017-10-14'),(3194,150,100,0,100,'2017-10-14'),(3195,151,100,0,100,'2017-10-14'),(3196,152,100,0,100,'2017-10-14'),(3197,153,100,0,100,'2017-10-14'),(3198,154,100,0,100,'2017-10-14'),(3199,155,100,0,100,'2017-10-14'),(3200,156,100,0,100,'2017-10-14'),(3201,157,100,0,100,'2017-10-14'),(3202,158,100,0,100,'2017-10-14'),(3203,159,100,0,100,'2017-10-14'),(3204,160,100,0,100,'2017-10-14'),(3205,161,100,0,100,'2017-10-14'),(3206,162,100,0,100,'2017-10-14'),(3207,163,100,0,100,'2017-10-14'),(3208,164,100,0,100,'2017-10-14'),(3209,165,100,0,100,'2017-10-14'),(3210,166,100,0,100,'2017-10-14'),(3211,167,100,0,100,'2017-10-14'),(3212,168,100,0,100,'2017-10-14'),(3213,96,89,0,0,'2017-10-15'),(3214,97,66,0,0,'2017-10-15'),(3215,98,90,0,0,'2017-10-15'),(3216,99,87,0,0,'2017-10-15'),(3217,100,100,0,0,'2017-10-15'),(3218,101,100,0,0,'2017-10-15'),(3219,102,100,0,0,'2017-10-15'),(3220,103,100,0,0,'2017-10-15'),(3221,104,100,0,0,'2017-10-15'),(3222,105,100,0,0,'2017-10-15'),(3223,106,100,0,0,'2017-10-15'),(3224,107,100,0,0,'2017-10-15'),(3225,108,100,0,0,'2017-10-15'),(3226,109,100,0,0,'2017-10-15'),(3227,110,110,0,0,'2017-10-15'),(3228,111,100,0,0,'2017-10-15'),(3229,112,100,0,0,'2017-10-15'),(3230,113,100,0,0,'2017-10-15'),(3231,114,100,0,0,'2017-10-15'),(3232,115,100,0,0,'2017-10-15'),(3233,116,100,0,0,'2017-10-15'),(3234,117,100,0,0,'2017-10-15'),(3235,118,100,0,0,'2017-10-15'),(3236,119,100,0,0,'2017-10-15'),(3237,120,100,0,0,'2017-10-15'),(3238,121,100,0,0,'2017-10-15'),(3239,122,100,0,0,'2017-10-15'),(3240,123,100,0,0,'2017-10-15'),(3241,124,100,0,0,'2017-10-15'),(3242,125,100,0,0,'2017-10-15'),(3243,126,100,0,0,'2017-10-15'),(3244,127,100,0,0,'2017-10-15'),(3245,128,100,0,0,'2017-10-15'),(3246,129,100,0,0,'2017-10-15'),(3247,130,100,0,0,'2017-10-15'),(3248,131,100,0,0,'2017-10-15'),(3249,132,100,0,0,'2017-10-15'),(3250,133,100,0,0,'2017-10-15'),(3251,134,100,0,0,'2017-10-15'),(3252,135,100,0,0,'2017-10-15'),(3253,136,100,0,0,'2017-10-15'),(3254,137,100,0,0,'2017-10-15'),(3255,138,100,0,0,'2017-10-15'),(3256,139,100,0,0,'2017-10-15'),(3257,140,100,0,0,'2017-10-15'),(3258,141,110,0,0,'2017-10-15'),(3259,142,100,0,0,'2017-10-15'),(3260,143,100,0,0,'2017-10-15'),(3261,144,100,0,0,'2017-10-15'),(3262,145,100,0,0,'2017-10-15'),(3263,146,121,0,0,'2017-10-15'),(3264,147,100,0,0,'2017-10-15'),(3265,148,100,0,0,'2017-10-15'),(3266,149,100,0,0,'2017-10-15'),(3267,150,100,0,0,'2017-10-15'),(3268,151,100,0,0,'2017-10-15'),(3269,152,100,0,0,'2017-10-15'),(3270,153,100,0,0,'2017-10-15'),(3271,154,100,0,0,'2017-10-15'),(3272,155,100,0,0,'2017-10-15'),(3273,156,100,0,0,'2017-10-15'),(3274,157,100,0,0,'2017-10-15'),(3275,158,100,0,0,'2017-10-15'),(3276,159,100,0,0,'2017-10-15'),(3277,160,100,0,0,'2017-10-15'),(3278,161,100,0,0,'2017-10-15'),(3279,162,100,0,0,'2017-10-15'),(3280,163,100,0,0,'2017-10-15'),(3281,164,100,0,0,'2017-10-15'),(3282,165,100,0,0,'2017-10-15'),(3283,166,100,0,0,'2017-10-15'),(3284,167,100,0,0,'2017-10-15'),(3285,168,100,0,0,'2017-10-15');
/*!40000 ALTER TABLE `goodies_inventory_table` ENABLE KEYS */;
UNLOCK TABLES;

--
-- Table structure for table `menu_category_table`
--

DROP TABLE IF EXISTS `menu_category_table`;
/*!40101 SET @saved_cs_client     = @@character_set_client */;
/*!40101 SET character_set_client = utf8 */;
CREATE TABLE `menu_category_table` (
  `menucategoryid` int(6) NOT NULL AUTO_INCREMENT,
  `menucategoryname` varchar(60) DEFAULT NULL,
  `imagelocation` varchar(200) DEFAULT NULL,
  PRIMARY KEY (`menucategoryid`)
) ENGINE=InnoDB AUTO_INCREMENT=8 DEFAULT CHARSET=utf8;
/*!40101 SET character_set_client = @saved_cs_client */;

--
-- Dumping data for table `menu_category_table`
--

LOCK TABLES `menu_category_table` WRITE;
/*!40000 ALTER TABLE `menu_category_table` DISABLE KEYS */;
INSERT INTO `menu_category_table` VALUES (1,'SHORT ORDERS','images/svg/hot-dog.svg'),(2,'BURGERS and SANDWICHES','images/svg/hamburger.svg'),(3,'CAKES, PASTRIES and DESSERTS','images/svg/muffin.svg'),(4,'REFRESHMENTS','images/svg/wine.svg'),(5,'BEVERAGES','images/svg/beer.svg'),(6,'BILAO','images/svg/lemon.svg'),(7,'GOODIES','images/svg/bread-1.svg');
/*!40000 ALTER TABLE `menu_category_table` ENABLE KEYS */;
UNLOCK TABLES;

--
-- Table structure for table `menu_item_table`
--

DROP TABLE IF EXISTS `menu_item_table`;
/*!40101 SET @saved_cs_client     = @@character_set_client */;
/*!40101 SET character_set_client = utf8 */;
CREATE TABLE `menu_item_table` (
  `menuitemid` int(6) NOT NULL AUTO_INCREMENT,
  `menucategoryid` int(6) DEFAULT NULL,
  `menuitemname` varchar(60) DEFAULT NULL,
  `menuitemdescription` text,
  `price` double DEFAULT NULL,
  `imagelocation` varchar(300) DEFAULT NULL,
  `isavailable` tinyint(1) DEFAULT '0',
  PRIMARY KEY (`menuitemid`),
  KEY `FK_menu_item_table` (`menucategoryid`),
  CONSTRAINT `FK_menu_item_table` FOREIGN KEY (`menucategoryid`) REFERENCES `menu_category_table` (`menucategoryid`) ON DELETE CASCADE ON UPDATE CASCADE
) ENGINE=InnoDB AUTO_INCREMENT=171 DEFAULT CHARSET=utf8;
/*!40101 SET character_set_client = @saved_cs_client */;

--
-- Dumping data for table `menu_item_table`
--

LOCK TABLES `menu_item_table` WRITE;
/*!40000 ALTER TABLE `menu_item_table` DISABLE KEYS */;
INSERT INTO `menu_item_table` VALUES (2,1,'PANCIT MOLO (PORK)','GOOD FOR 1 SERVING, PREPARATION TIME IS 5 - 10 MINUTES',50,'images/menu_images/pancit_molo.jpg',1),(3,1,'LAPAZ BATCHOY (PORK) - SPECIAL','GOOD FOR 1 SERVING, PREPARATION TIME IS 5 - 10 MINUTES',55,'images/menu_images/batchoy1.jpg',0),(4,1,'LAPAZ BATCHOY (PORK) - EXTRA SPECIAL','GOOD FOR 1 SERVING, PREPARATION TIME IS 5 - 10 MINUTES',75,'images/menu_images/batchoy2.jpg',0),(5,1,'ARROZ CON CALDO ','GOOD FOR 1 SERVING, PREPARATION TIME IS 5 - 10 MINUTES',70,'images/menu_images/caldo1.jpg',0),(6,1,'EXTRA CALDO','GOOD FOR 1 SERVING, PREPARATION TIME IS 5 - 10 MINUTES',20,'images/menu_images/caldo2.jpg',0),(7,1,'BAKED SPAG','GOOD FOR 1 SERVING, PREPARATION TIME IS 5 - 10 MINUTES',60,'images/menu_images/bakespag.jpg',0),(8,1,'BAKED MAC & CHEESE','GOOD FOR 1 SERVING, PREPARATION TIME IS 5 - 10 MINUTES',75,'images/menu_images/maccheese.jpg',0),(9,1,'SPAGHETTI (BEEF)','GOOD FOR 1 SERVING, PREPARATION TIME IS 5 - 10 MINUTES',48,'images/menu_images/spag.jpg',0),(10,1,'PORK PALABOK','GOOD FOR 1 SERVING, PREPARATION TIME IS 5 - 10 MINUTES',48,'images/menu_images/palabok.jpg',0),(11,1,'BEEF PALABOK','GOOD FOR 1 SERVING, PREPARATION TIME IS 5 - 10 MINUTES',53,'images/menu_images/palabok2.jpg',0),(12,1,'FRIED LUMPIA','GOOD FOR 1 SERVING, PREPARATION TIME IS 5 - 10 MINUTES',17,'images/menu_images/friedlumpia.jpg',0),(13,1,'FRESH LUMPIA','GOOD FOR 1 SERVING, PREPARATION TIME IS 5 - 10 MINUTES',15,'images/menu_images/freshlumpia.jpg',0),(14,1,'CHEESE STICKS (6 PCS)','GOOD FOR 1 SERVING, PREPARATION TIME IS 5 - 10 MINUTES',35,'images/menu_images/cheesestick.jpg',0),(15,1,'LUMPIA SHANGHAI (6 PCS)','GOOD FOR 1 SERVING, PREPARATION TIME IS 5 - 10 MINUTES',40,'images/menu_images/lumpiashang.jpg',0),(16,2,'CHEESE PIMIENTO SANDWICH','GOOD FOR 1 SERVING, PREPARATION TIME IS 5 - 10 MINUTES',50,'images/menu_images/cheesepimiento.jpg',0),(17,2,'CLUBHOUSE SANDWICH','GOOD FOR 1 SERVING, PREPARATION TIME IS 5 - 10 MINUTES',70,'images/menu_images/clubhouse.jpg',0),(18,2,'BACON CHEESE BURGER','GOOD FOR 1 SERVING, PREPARATION TIME IS 5 - 10 MINUTES',70,'images/menu_images/baconcheeseburger.jpg',0),(19,2,'HAMBURGER','GOOD FOR 1 SERVING, PREPARATION TIME IS 5 - 10 MINUTES',48,'images/menu_images/burger.jpg',0),(20,2,'CHEESE BURGER','GOOD FOR 1 SERVING, PREPARATION TIME IS 5 - 10 MINUTES',55,'images/menu_images/cheeseburger.jpg',0),(21,2,'HAWAIIAN BURGER','GOOD FOR 1 SERVING, PREPARATION TIME IS 5 - 10 MINUTES',55,'images/menu_images/hawaiian.jpg',0),(22,2,'CHICKEN SANDWICH','GOOD FOR 1 SERVING, PREPARATION TIME IS 5 - 10 MINUTES',48,'images/menu_images/chickensand.jpg',0),(23,2,'TUNA SANDWICH','GOOD FOR 1 SERVING, PREPARATION TIME IS 5 - 10 MINUTES',50,'images/menu_images/tunasand.jpg',0),(24,2,'TOASTED BREAD','GOOD FOR 1 SERVING, PREPARATION TIME IS 5 - 10 MINUTES',12,'images/menu_images/toastedbread.jpg',0),(25,2,'BUTTER TOAST','GOOD FOR 1 SERVING, PREPARATION TIME IS 5 - 10 MINUTES',15,'images/menu_images/buttertoast.jpg',0),(26,3,'BLUEBERRY CHEESECAKE','GOOD FOR 1 SERVING, PREPARATION TIME IS 5 - 10 MINUTES',75,'images/menu_images/BLUEBERRYCHEESECAKE.jpg',0),(27,3,'RED VELVET CHEESECAKE','GOOD FOR 1 SERVING, PREPARATION TIME IS 5 - 10 MINUTES',75,'images/menu_images/REDVELVETCHEESECAKE.jpg',0),(28,3,'SANSRIVAL','GOOD FOR 1 SERVING, PREPARATION TIME IS 5 - 10 MINUTES',60,'images/menu_images/SANSRIVAL.jpg',0),(29,3,'BRAZO DE MERCEDES','GOOD FOR 1 SERVING, PREPARATION TIME IS 5 - 10 MINUTES',35,'images/menu_images/BRAZODEMERCEDES.jpg',0),(30,3,'CHOCOLATE CAKE','GOOD FOR 1 SERVING, PREPARATION TIME IS 5 - 10 MINUTES',45,'images/menu_images/CHOCOLATECAKE.jpg',0),(31,3,'CHOCOLATE SWISS CAKE','GOOD FOR 1 SERVING, PREPARATION TIME IS 5 - 10 MINUTES',55,'images/menu_images/CHOCOLATESWISSCAKE.jpg',0),(32,3,'RED VELVET ','GOOD FOR 1 SERVING, PREPARATION TIME IS 5 - 10 MINUTES',60,'images/menu_images/REDVELVET.jpg',0),(33,3,'CREAMA DE FRUTA','GOOD FOR 1 SERVING, PREPARATION TIME IS 5 - 10 MINUTES',60,'images/menu_images/CREAMADEFRUTA.jpg',0),(34,3,'EGGPIE','GOOD FOR 1 SERVING, PREPARATION TIME IS 5 - 10 MINUTES',35,'images/menu_images/EGGPIE.jpg',0),(35,3,'LECHE PLAN','GOOD FOR 1 SERVING, PREPARATION TIME IS 5 - 10 MINUTES',30,'images/menu_images/LECHEPLAN.jpg',0),(36,3,'MACARONI SALAD','GOOD FOR 1 SERVING, PREPARATION TIME IS 5 - 10 MINUTES',55,'images/menu_images/MACARONISALAD.jpg',0),(37,3,'YEMA SQUARES','GOOD FOR 1 SERVING, PREPARATION TIME IS 5 - 10 MINUTES',20,'images/menu_images/YEMASQUARES.jpg',0),(38,3,'CARAMEL CAKE','GOOD FOR 1 SERVING, PREPARATION TIME IS 5 - 10 MINUTES',55,'images/menu_images/CARAMELCAKE.jpg',0),(39,4,'HALO-HALO SPECIAL','GOOD FOR 1 SERVING, PREPARATION TIME IS 5 - 10 MINUTES',65,'images/menu_images/HALO-HALO SPECIAL.jpg',0),(40,4,'HALO-HALO REGULAR','GOOD FOR 1 SERVING, PREPARATION TIME IS 5 - 10 MINUTES',60,'images/menu_images/HALO-HALO REGULAR.jpg',0),(41,4,'MAIS CON YELO','GOOD FOR 1 SERVING, PREPARATION TIME IS 5 - 10 MINUTES',50,'images/menu_images/MAIS CON YELO.jpg',0),(42,4,'SABA CON SAGO','GOOD FOR 1 SERVING, PREPARATION TIME IS 5 - 10 MINUTES',50,'images/menu_images/SABA CON SAGO.jpg',0),(43,5,'COKE 8oz (237ml)','GOOD FOR 1 SERVING, PREPARATION TIME IS 5 - 10 MINUTES',16,'images/menu_images/cocacola.jpg',0),(44,5,'COKE 12oz (355ml)','GOOD FOR 1 SERVING, PREPARATION TIME IS 5 - 10 MINUTES',20,'images/menu_images/cocacola.jpg',0),(45,5,'COKE in CAN','GOOD FOR 1 SERVING, PREPARATION TIME IS 5 - 10 MINUTES',30,'images/menu_images/cocacola.jpg',0),(46,5,'COKE 1 LITER','GOOD FOR 1 SERVING, PREPARATION TIME IS 5 - 10 MINUTES',45,'images/menu_images/cocacola.jpg',0),(47,5,'COCA COLA ZERO 8oz (237ml)','GOOD FOR 1 SERVING, PREPARATION TIME IS 5 - 10 MINUTES',16,'images/menu_images/cokezero.jpg',0),(48,5,'COCA COLA ZERO 12oz (355ml)','GOOD FOR 1 SERVING, PREPARATION TIME IS 5 - 10 MINUTES',20,'images/menu_images/cokezero.jpg',0),(49,5,'COCA COLA ZERO in CAN','GOOD FOR 1 SERVING, PREPARATION TIME IS 5 - 10 MINUTES',30,'images/menu_images/cokezero.jpg',0),(50,5,'COCA COLA ZERO 1 LITER','GOOD FOR 1 SERVING, PREPARATION TIME IS 5 - 10 MINUTES',45,'images/menu_images/cokezero.jpg',0),(51,5,' ROYAL 8oz (237ml)','GOOD FOR 1 SERVING, PREPARATION TIME IS 5 - 10 MINUTES',16,'images/menu_images/royal.jpg',0),(52,5,'ROYAL 12oz (355ml)','GOOD FOR 1 SERVING, PREPARATION TIME IS 5 - 10 MINUTES',20,'images/menu_images/royal.jpg',0),(53,5,'ROYAL in CAN','GOOD FOR 1 SERVING, PREPARATION TIME IS 5 - 10 MINUTES',30,'images/menu_images/royal.jpg',0),(54,5,'ROYAL 1 LITER','GOOD FOR 1 SERVING, PREPARATION TIME IS 5 - 10 MINUTES',45,'images/menu_images/royal.jpg',0),(55,5,'SPRITE  8oz (237ml)','GOOD FOR 1 SERVING, PREPARATION TIME IS 5 - 10 MINUTES',16,'images/menu_images/sprite.jpg',0),(56,5,'SPRITE 12oz (355ml)','GOOD FOR 1 SERVING, PREPARATION TIME IS 5 - 10 MINUTES',20,'images/menu_images/sprite.jpg',0),(57,5,'SPRITE in CAN','GOOD FOR 1 SERVING, PREPARATION TIME IS 5 - 10 MINUTES',30,'images/menu_images/sprite.jpg',0),(58,5,'SPRITE 1 LITER','GOOD FOR 1 SERVING, PREPARATION TIME IS 5 - 10 MINUTES',45,'images/menu_images/sprite.jpg',0),(59,5,'MINUTE MAID','GOOD FOR 1 SERVING, PREPARATION TIME IS 5 - 10 MINUTES',35,'images/menu_images/minutemaid.jpg',0),(60,5,'REAL LEAF','GOOD FOR 1 SERVING, PREPARATION TIME IS 5 - 10 MINUTES',45,'images/menu_images/REALLEAF.jpg',0),(61,5,'PINEAPPLE / PINE ORANGE','GOOD FOR 1 SERVING, PREPARATION TIME IS 5 - 10 MINUTES',40,'images/menu_images/PINEAPPLE.jpg',0),(62,5,'ORANGE / FOUR SEASONS','GOOD FOR 1 SERVING, PREPARATION TIME IS 5 - 10 MINUTES',40,'images/menu_images/FOUR SEASONS.jpg',0),(63,5,'MANGO JUICE','GOOD FOR 1 SERVING, PREPARATION TIME IS 5 - 10 MINUTES',45,'images/menu_images/MANGO JUICE.jpg',0),(64,5,'ICED TEA','GOOD FOR 1 SERVING, PREPARATION TIME IS 5 - 10 MINUTES',30,'images/menu_images/ICED TEA.jpg',0),(65,5,'LEMONADE','GOOD FOR 1 SERVING, PREPARATION TIME IS 5 - 10 MINUTES',30,'images/menu_images/LEMONADE.jpg',0),(66,5,'KALAMANSI JUICE','GOOD FOR 1 SERVING, PREPARATION TIME IS 5 - 10 MINUTES',35,'images/menu_images/KALAMANSI JUICE.jpg',0),(67,5,'FRENCH PRESS COFFEE','GOOD FOR 1 SERVING, PREPARATION TIME IS 5 - 10 MINUTES',60,'images/menu_images/FRENCH PRESS COFFEE.jpg',0),(68,5,'SOLA ICED TEA','GOOD FOR 1 SERVING, PREPARATION TIME IS 5 - 10 MINUTES',50,'images/menu_images/SOLA ICED TEA.jpg',0),(69,5,'STARBUCKS FRAPP SMALL','GOOD FOR 1 SERVING, PREPARATION TIME IS 5 - 10 MINUTES',110,'images/menu_images/STARBUCKS FRAPP SMALL.jpg',0),(70,5,'STARBUCKS FRAPP LARGE','GOOD FOR 1 SERVING, PREPARATION TIME IS 5 - 10 MINUTES',140,'images/menu_images/STARBUCKS FRAPP LARGE.jpg',0),(71,5,'MOGU MOGU','GOOD FOR 1 SERVING, PREPARATION TIME IS 5 - 10 MINUTES',35,'images/menu_images/MOGU MOGU.jpg',0),(72,5,'CHUCKIE','GOOD FOR 1 SERVING, PREPARATION TIME IS 5 - 10 MINUTES',33,'images/menu_images/CHUCKIE.jpg',0),(73,5,'BOTTLED WATER 500ml','GOOD FOR 1 SERVING, PREPARATION TIME IS 5 - 10 MINUTES',20,'images/menu_images/BOTTLED WATER 500ml.jpg',0),(74,6,'PORK PALABOK - SMALL','GOOD FOR 10 SERVINGS, GOOD FOR 20 SERVINGS, PREPARATION TIME IS 15 - 30 MINUTES',450,'images/menu_images/PORK PALABOK.jpg',0),(75,6,'PORK PALABOK - MEDIUM','GOOD FOR 15 SERVINGS, GOOD FOR 20 SERVINGS, PREPARATION TIME IS 15 - 30 MINUTES',600,'images/menu_images/PORK PALABOK.jpg',0),(76,6,'PORK PALABOK - LARGE','GOOD FOR 20 SERVINGS, GOOD FOR 20 SERVINGS, PREPARATION TIME IS 15 - 30 MINUTES',870,'images/menu_images/PORK PALABOK.jpg',0),(77,6,'BEEF PALABOK - SMALL','GOOD FOR 10 SERVINGS, GOOD FOR 20 SERVINGS, PREPARATION TIME IS 15 - 30 MINUTES',500,'images/menu_images/BEEF PALABOK.jpg',0),(78,6,'BEEF PALABOK - MEDIUM','GOOD FOR 15 SERVINGS, GOOD FOR 20 SERVINGS, PREPARATION TIME IS 15 - 30 MINUTES',690,'images/menu_images/BEEF PALABOK.jpg',0),(79,6,'BEEF PALABOK - LARGE','GOOD FOR 20 SERVINGS, GOOD FOR 20 SERVINGS, PREPARATION TIME IS 15 - 30 MINUTES',910,'images/menu_images/BEEF PALABOK.jpg',0),(80,6,'BEEF SPAGHETTI - SMALL','GOOD FOR 10 SERVINGS, GOOD FOR 20 SERVINGS, PREPARATION TIME IS 15 - 30 MINUTES',450,'images/menu_images/BEEF SPAGHETTI.jpg',0),(81,6,'BEEF SPAGHETTI - MEDIUM','GOOD FOR 15 SERVINGS, GOOD FOR 20 SERVINGS, PREPARATION TIME IS 15 - 30 MINUTES',660,'images/menu_images/BEEF SPAGHETTI.jpg',0),(82,6,'BEEF SPAGHETTI - LARGE','GOOD FOR 20 SERVINGS, GOOD FOR 20 SERVINGS, PREPARATION TIME IS 15 - 30 MINUTES',870,'images/menu_images/BEEF SPAGHETTI.jpg',0),(83,6,'BIHON GUISADO - SMALL','GOOD FOR 10 SERVINGS, GOOD FOR 20 SERVINGS, PREPARATION TIME IS 15 - 30 MINUTES',580,'images/menu_images/BIHON GUISADO.jpg',0),(84,6,'BIHON GUISADO - MEDIUM','GOOD FOR 15 SERVINGS, GOOD FOR 20 SERVINGS, PREPARATION TIME IS 15 - 30 MINUTES',810,'images/menu_images/BIHON GUISADO.jpg',0),(85,6,'BIHON GUISADO - LARGE','GOOD FOR 20 SERVINGS, GOOD FOR 20 SERVINGS, PREPARATION TIME IS 15 - 30 MINUTES',1070,'images/menu_images/BIHON GUISADO.jpg',0),(86,6,'PANCIT CANTON - SMALL','GOOD FOR 10 SERVINGS, GOOD FOR 20 SERVINGS, PREPARATION TIME IS 15 - 30 MINUTES',580,'images/menu_images/PANCIT CANTON.jpg',0),(87,6,'PANCIT CANTON - MEDIUM','GOOD FOR 15 SERVINGS, GOOD FOR 20 SERVINGS, PREPARATION TIME IS 15 - 30 MINUTES',850,'images/menu_images/PANCIT CANTON.jpg',0),(88,6,'PANCIT CANTON - LARGE','GOOD FOR 20 SERVINGS, GOOD FOR 20 SERVINGS, PREPARATION TIME IS 15 - 30 MINUTES',1130,'images/menu_images/PANCIT CANTON.jpg',0),(89,6,'SOTANGHON - SMALL','GOOD FOR 10 SERVINGS, GOOD FOR 20 SERVINGS, PREPARATION TIME IS 15 - 30 MINUTES',630,'images/menu_images/SOTANGHON.jpg',0),(90,6,'SOTANGHON - MEDIUM','GOOD FOR 15 SERVINGS, GOOD FOR 20 SERVINGS, PREPARATION TIME IS 15 - 30 MINUTES',930,'images/menu_images/SOTANGHON.jpg',0),(91,6,'SOTANGHON - LARGE','GOOD FOR 20 SERVINGS, GOOD FOR 20 SERVINGS, PREPARATION TIME IS 15 - 30 MINUTES',1230,'images/menu_images/SOTANGHON.jpg',0),(92,6,'BAM - E','GOOD FOR 10 SERVINGS, GOOD FOR 20 SERVINGS, PREPARATION TIME IS 15 - 30 MINUTES',630,'images/menu_images/BAM - E.jpg',0),(93,6,'BAM - E','GOOD FOR 15 SERVINGS, GOOD FOR 20 SERVINGS, PREPARATION TIME IS 15 - 30 MINUTES',930,'images/menu_images/BAM - E.jpg',0),(94,6,'BAM - E','GOOD FOR 20 SERVINGS, GOOD FOR 20 SERVINGS, PREPARATION TIME IS 15 - 30 MINUTES',1230,'images/menu_images/BAM - E.jpg',0),(95,6,'VALENCIANA','GOOD FOR 20 SERVINGS, PREPARATION TIME IS 15 - 30 MINUTES',1250,'images/menu_images/VALENCIANA.jpg',0),(96,7,'Pastries - Oatmeal','GOOD FOR 1 SERVING, PREPARATION TIME IS 5 - 10 MINUTES',72,'images/menu_images/image_not_available.jpg',1),(97,7,'Pastries - Macaroon','GOOD FOR 1 SERVING, PREPARATION TIME IS 5 - 10 MINUTES',55,'images/menu_images/image_not_available.jpg',0),(98,7,'Pastries - Oat Raisin','GOOD FOR 1 SERVING, PREPARATION TIME IS 5 - 10 MINUTES',80,'images/menu_images/image_not_available.jpg',0),(99,7,'Pastries - Choco Chip  ','GOOD FOR 1 SERVING, PREPARATION TIME IS 5 - 10 MINUTES',80,'images/menu_images/image_not_available.jpg',0),(100,7,'Pastries - MM Cookikes','GOOD FOR 1 SERVING, PREPARATION TIME IS 5 - 10 MINUTES',80,'images/menu_images/image_not_available.jpg',0),(101,7,'Pastries - Butterscotch','GOOD FOR 1 SERVING, PREPARATION TIME IS 5 - 10 MINUTES',70,'images/menu_images/image_not_available.jpg',0),(102,7,'Pastries - Mango Bars','GOOD FOR 1 SERVING, PREPARATION TIME IS 5 - 10 MINUTES',75,'images/menu_images/image_not_available.jpg',0),(103,7,'Pastries - Food for the God','GOOD FOR 1 SERVING, PREPARATION TIME IS 5 - 10 MINUTES',70,'images/menu_images/image_not_available.jpg',0),(104,7,'Pastries - Brownie small','GOOD FOR 1 SERVING, PREPARATION TIME IS 5 - 10 MINUTES',45,'images/menu_images/image_not_available.jpg',0),(105,7,'Pastries - Brownie big','GOOD FOR 1 SERVING, PREPARATION TIME IS 5 - 10 MINUTES',245,'images/menu_images/image_not_available.jpg',0),(106,7,'Pastries - Revel Bars','GOOD FOR 1 SERVING, PREPARATION TIME IS 5 - 10 MINUTES',70,'images/menu_images/image_not_available.jpg',0),(107,7,'Pastries - Cheeseroll','GOOD FOR 1 SERVING, PREPARATION TIME IS 5 - 10 MINUTES',10,'images/menu_images/image_not_available.jpg',0),(108,7,'Pastries - Pudding','GOOD FOR 1 SERVING, PREPARATION TIME IS 5 - 10 MINUTES',14,'images/menu_images/image_not_available.jpg',0),(109,7,'Pastries - Meringue','GOOD FOR 1 SERVING, PREPARATION TIME IS 5 - 10 MINUTES',35,'images/menu_images/image_not_available.jpg',0),(110,7,'Pastries - Polvoron','GOOD FOR 1 SERVING, PREPARATION TIME IS 5 - 10 MINUTES',12,'images/menu_images/image_not_available.jpg',0),(111,7,'Cakes Slice - Brazo','GOOD FOR 1 SERVING, PREPARATION TIME IS 5 - 10 MINUTES',35,'images/menu_images/image_not_available.jpg',0),(112,7,'Cakes Slice - Chocolate','GOOD FOR 1 SERVING, PREPARATION TIME IS 5 - 10 MINUTES',45,'images/menu_images/image_not_available.jpg',0),(113,7,'Cakes Slice - Eggpie','GOOD FOR 1 SERVING, PREPARATION TIME IS 5 - 10 MINUTES',35,'images/menu_images/image_not_available.jpg',0),(114,7,'Cakes Slice - Blueberry CC','GOOD FOR 1 SERVING, PREPARATION TIME IS 5 - 10 MINUTES',75,'images/menu_images/image_not_available.jpg',0),(115,7,'Cakes Slice - Red V-CC','GOOD FOR 1 SERVING, PREPARATION TIME IS 5 - 10 MINUTES',75,'images/menu_images/image_not_available.jpg',0),(116,7,'Cakes Slice - Swiss Cake','GOOD FOR 1 SERVING, PREPARATION TIME IS 5 - 10 MINUTES',55,'images/menu_images/image_not_available.jpg',0),(117,7,'Cakes Slice - Red Velvet','GOOD FOR 1 SERVING, PREPARATION TIME IS 5 - 10 MINUTES',60,'images/menu_images/image_not_available.jpg',0),(118,7,'Cakes Slice - Caramel','GOOD FOR 1 SERVING, PREPARATION TIME IS 5 - 10 MINUTES',55,'images/menu_images/image_not_available.jpg',0),(119,7,'Cakes Slice - Crema De Fruta','GOOD FOR 1 SERVING, PREPARATION TIME IS 5 - 10 MINUTES',60,'images/menu_images/image_not_available.jpg',0),(120,7,'Cakes Slice - Sansirval','GOOD FOR 1 SERVING, PREPARATION TIME IS 5 - 10 MINUTES',60,'images/menu_images/image_not_available.jpg',0),(121,7,'Cakes Slice - Leche Flan-mini','GOOD FOR 1 SERVING, PREPARATION TIME IS 5 - 10 MINUTES',30,'images/menu_images/image_not_available.jpg',0),(122,7,'Cakes Slice - Leche Flan-big','GOOD FOR 1 SERVING, PREPARATION TIME IS 5 - 10 MINUTES',150,'images/menu_images/image_not_available.jpg',0),(123,7,'Cakes Slice - Yema squares','GOOD FOR 1 SERVING, PREPARATION TIME IS 5 - 10 MINUTES',20,'images/menu_images/image_not_available.jpg',0),(124,7,'Cakes Slice - Brazo half','GOOD FOR 1 SERVING, PREPARATION TIME IS 5 - 10 MINUTES',200,'images/menu_images/image_not_available.jpg',0),(125,7,'Cakes Slice - Yema Loaf','GOOD FOR 1 SERVING, PREPARATION TIME IS 5 - 10 MINUTES',175,'images/menu_images/image_not_available.jpg',0),(126,7,'Cakes Slice - Blueberry 12\"','GOOD FOR 1 SERVING, PREPARATION TIME IS 5 - 10 MINUTES',900,'images/menu_images/image_not_available.jpg',0),(127,7,'Cakes Slice - Blueberry 8\"','GOOD FOR 1 SERVING, PREPARATION TIME IS 5 - 10 MINUTES',350,'images/menu_images/image_not_available.jpg',0),(128,7,'Cakes Slice - Red Velvet 12\"','GOOD FOR 1 SERVING, PREPARATION TIME IS 5 - 10 MINUTES',900,'images/menu_images/image_not_available.jpg',0),(129,7,'Cakes Slice - Red Velvet 8\"','GOOD FOR 1 SERVING, PREPARATION TIME IS 5 - 10 MINUTES',500,'images/menu_images/image_not_available.jpg',0),(130,7,'Cakes Slice - Choco 8\"','GOOD FOR 1 SERVING, PREPARATION TIME IS 5 - 10 MINUTES',330,'images/menu_images/image_not_available.jpg',0),(131,7,'Cakes Slice - Cassava Delight','GOOD FOR 1 SERVING, PREPARATION TIME IS 5 - 10 MINUTES',50,'images/menu_images/image_not_available.jpg',0),(132,7,'Consignment - Kutchinta','GOOD FOR 1 SERVING, PREPARATION TIME IS 5 - 10 MINUTES',10,'images/menu_images/image_not_available.jpg',0),(133,7,'Consignment - Pichi','GOOD FOR 1 SERVING, PREPARATION TIME IS 5 - 10 MINUTES',10,'images/menu_images/image_not_available.jpg',0),(134,7,'Consignment - Riza-fresh Lumpia','GOOD FOR 1 SERVING, PREPARATION TIME IS 5 - 10 MINUTES',15,'images/menu_images/image_not_available.jpg',0),(135,7,'Consignment - Cheese Bar','GOOD FOR 1 SERVING, PREPARATION TIME IS 5 - 10 MINUTES',12,'images/menu_images/image_not_available.jpg',0),(136,7,'Consignment - Chicharon-Pork','GOOD FOR 1 SERVING, PREPARATION TIME IS 5 - 10 MINUTES',60,'images/menu_images/image_not_available.jpg',0),(137,7,'Consignment - Banana Chips - sml','GOOD FOR 1 SERVING, PREPARATION TIME IS 5 - 10 MINUTES',20,'images/menu_images/image_not_available.jpg',0),(138,7,'Consignment - Banana Chips - big','GOOD FOR 1 SERVING, PREPARATION TIME IS 5 - 10 MINUTES',60,'images/menu_images/image_not_available.jpg',0),(139,7,'Consignment - Cassava Chips','GOOD FOR 1 SERVING, PREPARATION TIME IS 5 - 10 MINUTES',50,'images/menu_images/image_not_available.jpg',0),(140,7,'Biscuits - Ugoy-ugoy','GOOD FOR 1 SERVING, PREPARATION TIME IS 5 - 10 MINUTES',36,'images/menu_images/image_not_available.jpg',0),(141,7,'Biscuits - Garlic Stick','GOOD FOR 1 SERVING, PREPARATION TIME IS 5 - 10 MINUTES',36,'images/menu_images/image_not_available.jpg',0),(142,7,'Biscuits - Patatas','GOOD FOR 1 SERVING, PREPARATION TIME IS 5 - 10 MINUTES',36,'images/menu_images/image_not_available.jpg',0),(143,7,'Biscuits - Paborita','GOOD FOR 1 SERVING, PREPARATION TIME IS 5 - 10 MINUTES',36,'images/menu_images/image_not_available.jpg',0),(144,7,'Biscuits - Masa Podreda','GOOD FOR 1 SERVING, PREPARATION TIME IS 5 - 10 MINUTES',24,'images/menu_images/image_not_available.jpg',0),(145,7,'Biscuits - Pulseras','GOOD FOR 1 SERVING, PREPARATION TIME IS 5 - 10 MINUTES',36,'images/menu_images/image_not_available.jpg',0),(146,7,'Biscuits - Breadstick','GOOD FOR 1 SERVING, PREPARATION TIME IS 5 - 10 MINUTES',45,'images/menu_images/image_not_available.jpg',0),(147,7,'Biscuits - Toasted Cake','GOOD FOR 1 SERVING, PREPARATION TIME IS 5 - 10 MINUTES',55,'images/menu_images/image_not_available.jpg',0),(148,7,'Biscuits - Serafina - sml','GOOD FOR 1 SERVING, PREPARATION TIME IS 5 - 10 MINUTES',45,'images/menu_images/image_not_available.jpg',0),(149,7,'Biscuits - Serafina - big','GOOD FOR 1 SERVING, PREPARATION TIME IS 5 - 10 MINUTES',45,'images/menu_images/image_not_available.jpg',0),(150,7,' Pasta/Snack - MAcaroni Salad','GOOD FOR 1 SERVING, PREPARATION TIME IS 5 - 10 MINUTES',55,'images/menu_images/image_not_available.jpg',0),(151,7,'Pasta/Snack - Baked Mac','GOOD FOR 1 SERVING, PREPARATION TIME IS 5 - 10 MINUTES',75,'images/menu_images/image_not_available.jpg',0),(152,7,'Pasta/Snack - Puto-Piece','GOOD FOR 1 SERVING, PREPARATION TIME IS 5 - 10 MINUTES',7,'images/menu_images/image_not_available.jpg',0),(153,7,'Pasta/Snack - Puto-SQ','GOOD FOR 1 SERVING, PREPARATION TIME IS 5 - 10 MINUTES',42,'images/menu_images/image_not_available.jpg',0),(154,7,'Pasta/Snack - Puto-REC','GOOD FOR 1 SERVING, PREPARATION TIME IS 5 - 10 MINUTES',70,'images/menu_images/image_not_available.jpg',0),(155,7,'Pasta/Snack - Siopao J-Asado','GOOD FOR 1 SERVING, PREPARATION TIME IS 5 - 10 MINUTES',32,'images/menu_images/image_not_available.jpg',0),(156,7,'Pasta/Snack - Siopao J-Chix','GOOD FOR 1 SERVING, PREPARATION TIME IS 5 - 10 MINUTES',32,'images/menu_images/image_not_available.jpg',0),(157,7,'Pasta/Snack - Siopao Mini Asado','GOOD FOR 1 SERVING, PREPARATION TIME IS 5 - 10 MINUTES',10,'images/menu_images/image_not_available.jpg',0),(158,7,'Candies - Tootsie Roll','GOOD FOR 1 SERVING, PREPARATION TIME IS 5 - 10 MINUTES',14,'images/menu_images/image_not_available.jpg',0),(159,7,'Candies - Chupachups','GOOD FOR 1 SERVING, PREPARATION TIME IS 5 - 10 MINUTES',15,'images/menu_images/image_not_available.jpg',0),(160,7,'Candies - Ovalteen','GOOD FOR 1 SERVING, PREPARATION TIME IS 5 - 10 MINUTES',8,'images/menu_images/image_not_available.jpg',0),(161,7,'Candies - Kitkat','GOOD FOR 1 SERVING, PREPARATION TIME IS 5 - 10 MINUTES',15,'images/menu_images/image_not_available.jpg',0),(162,7,'Candies - Cadbury','GOOD FOR 1 SERVING, PREPARATION TIME IS 5 - 10 MINUTES',10,'images/menu_images/image_not_available.jpg',0),(163,7,'Candies - Popping Candy','GOOD FOR 1 SERVING, PREPARATION TIME IS 5 - 10 MINUTES',2,'images/menu_images/image_not_available.jpg',0),(164,7,'Candies - Mentos','GOOD FOR 1 SERVING, PREPARATION TIME IS 5 - 10 MINUTES',5,'images/menu_images/image_not_available.jpg',0),(165,7,'Candies - Nerds','GOOD FOR 1 SERVING, PREPARATION TIME IS 5 - 10 MINUTES',15,'images/menu_images/image_not_available.jpg',0),(166,7,'Candies - Orange Swit','GOOD FOR 1 SERVING, PREPARATION TIME IS 5 - 10 MINUTES',8,'images/menu_images/image_not_available.jpg',0),(167,7,'Candies - Trolli','GOOD FOR 1 SERVING, PREPARATION TIME IS 5 - 10 MINUTES',14,'images/menu_images/image_not_available.jpg',0),(168,7,'Candies - White Rabbit','GOOD FOR 1 SERVING, PREPARATION TIME IS 5 - 10 MINUTES',5,'images/menu_images/image_not_available.jpg',0),(170,1,'Arozcaldo de kobi','Good for 1 serving\r\n',55,'images/menu_images/image_not_available.jpg',0);
/*!40000 ALTER TABLE `menu_item_table` ENABLE KEYS */;
UNLOCK TABLES;

--
-- Table structure for table `order_table`
--

DROP TABLE IF EXISTS `order_table`;
/*!40101 SET @saved_cs_client     = @@character_set_client */;
/*!40101 SET character_set_client = utf8 */;
CREATE TABLE `order_table` (
  `orderid` int(6) NOT NULL AUTO_INCREMENT,
  `customerid` int(6) DEFAULT NULL,
  `orderdate` datetime DEFAULT NULL,
  `datetimeofpickup` datetime DEFAULT NULL,
  `isapproved` tinyint(1) DEFAULT NULL,
  `userid` int(6) DEFAULT NULL,
  `ordertype` tinyint(1) DEFAULT NULL,
  `isseen` tinyint(1) DEFAULT '0',
  `isseenbycusomter` tinyint(1) DEFAULT '0',
  `isnew` tinyint(1) DEFAULT '0',
  `isdeleted` tinyint(1) DEFAULT '0',
  PRIMARY KEY (`orderid`),
  KEY `qqwq` (`userid`),
  KEY `FK_order_table_from_order_table` (`customerid`),
  CONSTRAINT `FK_order_table_from_order_table` FOREIGN KEY (`customerid`) REFERENCES `customer_table` (`customerid`) ON DELETE SET NULL ON UPDATE CASCADE,
  CONSTRAINT `qqwq` FOREIGN KEY (`userid`) REFERENCES `user_table` (`userid`) ON DELETE SET NULL ON UPDATE CASCADE
) ENGINE=InnoDB AUTO_INCREMENT=79 DEFAULT CHARSET=utf8;
/*!40101 SET character_set_client = @saved_cs_client */;

--
-- Dumping data for table `order_table`
--

LOCK TABLES `order_table` WRITE;
/*!40000 ALTER TABLE `order_table` DISABLE KEYS */;
INSERT INTO `order_table` VALUES (29,2,'2017-09-15 16:53:17','2017-09-16 01:00:00',0,NULL,1,1,1,1,0),(30,2,'2017-09-16 11:45:06','2017-09-17 14:00:00',0,NULL,2,1,1,1,0),(31,2,'2017-09-17 10:36:49','2017-09-17 14:00:00',0,NULL,1,1,1,1,0),(32,2,'2017-09-18 10:01:22','2017-09-19 10:44:00',3,NULL,1,1,1,1,0),(33,2,'2017-09-18 19:37:30','2017-09-19 11:35:00',3,NULL,2,1,1,1,0),(35,2,'2017-09-19 10:49:59','2017-09-19 12:30:00',5,NULL,1,1,1,1,0),(36,2,'2017-09-19 15:27:02','2017-09-19 16:00:00',5,NULL,1,1,1,1,0),(37,2,'2017-09-20 13:11:52','2017-09-20 14:30:00',5,NULL,2,1,1,1,0),(38,2,'2017-09-20 13:38:31','2017-09-20 15:30:00',3,NULL,1,0,1,0,0),(39,2,'2017-09-21 09:11:40','2017-09-21 10:00:00',0,NULL,1,0,0,1,0),(40,2,'2017-09-21 09:13:56','2017-09-21 09:30:00',0,NULL,1,0,0,1,0),(41,2,'2017-09-21 09:15:17','2017-09-21 09:30:00',0,NULL,1,0,0,1,0),(42,2,'2017-09-21 23:48:47','2017-09-22 08:00:00',0,NULL,2,0,0,1,0),(43,2,'2017-09-21 23:49:32','2017-09-22 08:00:00',0,NULL,2,0,0,1,0),(44,2,'2017-09-21 22:56:22','2017-09-22 08:00:00',0,NULL,2,0,0,1,0),(45,2,'2017-09-22 23:30:00','0008-00-00 00:00:00',2,NULL,2,0,1,1,0),(46,2,'2017-09-22 23:31:32','0008-00-00 00:00:00',0,NULL,2,0,0,1,0),(47,2,'2017-09-23 16:41:43','2017-09-23 17:30:00',0,NULL,1,0,0,1,0),(48,2,'2017-09-23 16:47:17','2017-09-27 10:00:00',0,NULL,2,0,0,1,0),(50,2,'2017-09-24 09:27:28','2017-09-24 13:00:00',1,1,1,1,1,1,1),(51,2,'2017-09-24 09:37:49','2017-09-24 10:30:00',1,1,1,1,1,1,0),(52,16,'2017-09-24 09:45:34','2017-09-24 10:30:00',1,1,1,1,1,1,0),(53,16,'2017-09-24 09:50:33','2017-09-26 09:00:00',1,1,2,1,1,1,0),(54,16,'2017-09-24 10:04:57','2017-09-24 15:30:00',1,1,1,1,1,1,0),(55,16,'2017-09-24 10:37:11','2017-09-24 11:30:00',0,NULL,1,0,0,1,0),(56,17,'2017-09-24 10:40:18','2017-09-25 09:30:00',0,1,2,0,0,1,0),(57,2,'2017-09-28 16:41:17','2017-09-28 17:00:00',0,NULL,1,0,0,1,0),(58,16,'2017-09-30 12:41:52','2017-09-30 13:00:00',0,NULL,1,0,0,1,0),(59,2,'2017-10-02 23:15:39','2017-10-03 08:00:00',1,1,2,1,1,1,0),(60,2,'2017-10-03 00:15:57','2017-10-03 08:30:00',1,1,1,1,1,1,0),(61,2,'2017-10-03 00:49:24','2017-10-03 08:00:00',3,1,1,1,1,1,0),(62,2,'2017-10-03 01:03:39','2017-10-03 08:00:00',3,1,1,1,1,1,0),(63,2,'2017-10-03 09:26:41','2017-10-03 13:00:00',1,1,1,1,1,1,0),(64,2,'2017-10-03 09:34:20','2017-10-03 12:00:00',1,1,1,1,1,1,0),(65,2,'2017-10-03 09:35:10','2017-10-03 11:00:00',1,1,1,1,1,1,0),(66,18,'2017-10-03 09:40:04','2017-10-03 13:00:00',1,1,1,1,1,1,0),(67,2,'2017-10-03 10:50:58','2017-10-03 11:30:00',0,NULL,1,0,0,1,0),(68,16,'2017-10-03 11:00:14','2017-10-03 11:30:00',1,1,1,1,0,1,0),(69,16,'2017-10-03 11:08:59','2017-10-03 11:30:00',1,1,1,1,0,1,0),(70,2,'2017-10-03 11:23:19','2017-10-03 12:00:00',1,1,1,1,1,1,0),(71,2,'2017-10-03 11:31:19','2017-10-03 15:00:00',0,NULL,1,0,0,1,0),(72,2,'2017-10-03 11:35:21','2017-10-03 14:00:00',2,NULL,1,0,1,1,0),(73,2,'2017-10-03 12:54:59','2017-10-03 13:30:00',2,NULL,1,0,1,1,0),(74,2,'2017-10-03 14:55:46','2017-10-03 15:30:00',2,NULL,1,0,1,1,0),(75,2,'2017-10-04 23:00:47','2017-10-05 08:00:00',1,1,2,1,1,1,0),(76,2,'2017-10-15 21:30:31','2017-10-16 08:00:00',2,NULL,2,0,1,1,0),(77,2,'2017-10-15 21:31:45','2017-10-16 08:00:00',1,1,2,1,1,1,0),(78,2,'2017-10-15 21:36:49','2017-10-16 10:30:00',1,1,2,1,1,1,0);
/*!40000 ALTER TABLE `order_table` ENABLE KEYS */;
UNLOCK TABLES;

--
-- Table structure for table `review_table`
--

DROP TABLE IF EXISTS `review_table`;
/*!40101 SET @saved_cs_client     = @@character_set_client */;
/*!40101 SET character_set_client = utf8 */;
CREATE TABLE `review_table` (
  `reviewid` int(6) NOT NULL AUTO_INCREMENT,
  `reviewtitle` varchar(300) DEFAULT NULL,
  `reviewdate` date DEFAULT NULL,
  `comment` text,
  `customerid` int(6) DEFAULT NULL,
  PRIMARY KEY (`reviewid`),
  KEY `FK_review_table` (`customerid`),
  CONSTRAINT `FK_review_table` FOREIGN KEY (`customerid`) REFERENCES `customer_table` (`customerid`)
) ENGINE=InnoDB AUTO_INCREMENT=7 DEFAULT CHARSET=utf8;
/*!40101 SET character_set_client = @saved_cs_client */;

--
-- Dumping data for table `review_table`
--

LOCK TABLES `review_table` WRITE;
/*!40000 ALTER TABLE `review_table` DISABLE KEYS */;
INSERT INTO `review_table` VALUES (1,'hindi masarap ang halo halo','2017-08-21','kung nalaman ko lang na hindi edi masrap sana hindi na ako bumili',2),(2,'asd','2017-09-09','asdasdddd',2),(4,'Why?','2017-09-24','why did you approved my cancelled order? Diba cancel na nga? Bakit mupa gi approve?',16),(5,'y','2017-10-02','y',2),(6,'Why?','2017-10-03','Bakit?',2);
/*!40000 ALTER TABLE `review_table` ENABLE KEYS */;
UNLOCK TABLES;

--
-- Table structure for table `user_table`
--

DROP TABLE IF EXISTS `user_table`;
/*!40101 SET @saved_cs_client     = @@character_set_client */;
/*!40101 SET character_set_client = utf8 */;
CREATE TABLE `user_table` (
  `userid` int(6) NOT NULL AUTO_INCREMENT,
  `firstname` varchar(60) DEFAULT NULL,
  `middlename` varchar(60) DEFAULT NULL,
  `lastname` varchar(60) DEFAULT NULL,
  `username` varchar(60) DEFAULT NULL,
  `password` varchar(60) DEFAULT NULL,
  `userlevel` tinyint(1) DEFAULT NULL,
  `isdeleted` tinyint(1) DEFAULT '0',
  PRIMARY KEY (`userid`)
) ENGINE=InnoDB AUTO_INCREMENT=38 DEFAULT CHARSET=utf8;
/*!40101 SET character_set_client = @saved_cs_client */;

--
-- Dumping data for table `user_table`
--

LOCK TABLES `user_table` WRITE;
/*!40000 ALTER TABLE `user_table` DISABLE KEYS */;
INSERT INTO `user_table` VALUES (1,'Mary Cris','D.','Tuvilla','admin','21232f297a57a5a743894a0e4a801fc3',1,0),(31,'Cheryll','Castro','Jadraque','secretary','889b2b111b4bc3adb722f0fcff480901',2,0),(32,'x','x','x','x','9dd4e461268c8034f5c8564e155c67a6',2,1),(36,'sdasd','asdaasd','asdads','asdas','37138c230410ae3e5c18f455ed1b5e20',1,1),(37,'asd','asd','asd','xxasdasd','cce492688e30ea1eeaaa637df7e44eed',1,1);
/*!40000 ALTER TABLE `user_table` ENABLE KEYS */;
UNLOCK TABLES;
/*!40103 SET TIME_ZONE=@OLD_TIME_ZONE */;

/*!40101 SET SQL_MODE=@OLD_SQL_MODE */;
/*!40014 SET FOREIGN_KEY_CHECKS=@OLD_FOREIGN_KEY_CHECKS */;
/*!40014 SET UNIQUE_CHECKS=@OLD_UNIQUE_CHECKS */;
/*!40101 SET CHARACTER_SET_CLIENT=@OLD_CHARACTER_SET_CLIENT */;
/*!40101 SET CHARACTER_SET_RESULTS=@OLD_CHARACTER_SET_RESULTS */;
/*!40101 SET COLLATION_CONNECTION=@OLD_COLLATION_CONNECTION */;
/*!40111 SET SQL_NOTES=@OLD_SQL_NOTES */;

-- Dump completed on 2017-10-15  6:44:04
